AVP ID,Sequence,Length,Virus,PubMed/Patent_ID
AVP_0001,LFRLIKSLIKRLVSAFK,17,"MV,SARS-CoV,H5N1",21620914
AVP_0002,FKCRRWQWRMKKLGAPSITCVRRAF,25,HSV,14670583
AVP_0003,FKCRRWQWRMKKLGA,15,HSV,14670583
AVP_0004,RFLVCWKQKIWGKARPSMCTRRARF,25,HSV,14670583
AVP_0005,TKCFQWQRNMRKVRGPPVSCIKRDS,25,HSV,14670583
AVP_0006,TKCRRWQRNMRKVRGPPVSCIKRDS,25,HSV,14670583
AVP_0007,TKCFQWQWNMRKVRGPPVSCIKRDS,25,HSV,14670583
AVP_0009,VYINKLTPPCGTMYYACEAV,20,TMV,P83477
AVP_0010,CGYRGLCRRFCHAQEYIVGHHGCPRRYRCC,30,"VNNV,SGIV",22343108
AVP_0013,GLLRKGGEKIGEKLKKIGQKIKNFFQKLVPQPEQ,34,Influenza,22031815
AVP_0015,GICRCYCGRGICRCICGR,18,HIV,US7314858
AVP_0016,GICRCICGRGICRCYCGR,18,HIV,US7314858
AVP_0017,GYCRCICGRGICRCICGR,18,HIV,US7314858
AVP_0018,GICRCICGRRICRCICGR,18,HIV,US7314858
AVP_0019,GICRCICGKGICRCICGR,18,HIV,US7314858
AVP_0020,GVCRCICGRGVCRCICRR,18,HIV,US7314858
AVP_0021,GVCRCICGRGVCRCICGR,18,HIV,US7314858
AVP_0022,YTSVITIELSNIKENKCNGAKVKLIKQELDKYK,33,RSV,US_7582301
AVP_0023,VITIELSNIKENKCNGAKVKLIKQELDKYKNAV,33,RSV,US_7582301
AVP_0024,CGGNNLLRAIEAQQHLLQLTVWGIKQLQARILAVERYLKDQ,41,HIV,US_7582301
AVP_0025,QLLDVVKRQQEMLRLTVWGTKNLQARVTAIEKYLKDQ,37,HIV,US_7582301
AVP_0028,SVITIELSNIKENKCNGTDAKVKLIKQELDKYKNA,35,HIV,US_7582301
AVP_0029,TSVITIELSNIKENKCNGTDAKVKLIKQELDKYKN,35,HIV,US_7582301
AVP_0031,NNLLRAIEAQQHLLQLTVWQIKQLQARILAVERYLKDQ,38,HIV,US_7582301
AVP_0034,VITIELSNIKENKCNGTDAKVKLIKQELDKYKNAV,35,RSV,6951717
AVP_0036,RRKKVALLAVLLALLA,16,Influenza,US_2010_0041604
AVP_0037,RRKKAAVALLAVLLALLA,18,Influenza,US_2010_0041604
AVP_0038,RRKKLLAVLLALLA,14,Influenza,US_2010_0041604
AVP_0039,RRKKLAVLLALLA,13,Influenza,US_2010_0041604
AVP_0041,RRKKAAAAAAAAA,13,Influenza,US_2010_0041604
AVP_0042,RKKLAVLLALLA,12,Influenza,US_2010_0041604
AVP_0043,RKAVLLALLA,10,Influenza,US_2010_0041604
AVP_0044,RLTRKRGLK,9,HSV,US_8017579
AVP_0045,LRTRKRGRK,9,HSV,US_8017579
AVP_0046,WRWRKRWRK,9,HSV,US_8017579
AVP_0047,RTRKGRK,7,HSV,US_8017579
AVP_0048,RTRKGRR,7,HSV,US_8017579
AVP_0049,LRKRKRL,7,HSV,US_8017579
AVP_0050,LRKRKRLRK,9,HSV,US_8017579
AVP_0051,LRKRKRLLK,9,HSV,US_8017579
AVP_0052,LRKLRKRLL,9,HSV,US_8017579
AVP_0053,LRTRKRGRKLRTRKRGRK,18,HSV,US_8017579
AVP_0054,WRWRKRWRKWRWRKRWRK,18,HSV,US_8017579
AVP_0055,RTRKRGRKRTRKRGRK,16,HSV,US_8017579
AVP_0056,RTRKRGRRTRKRGR,14,HSV,US_8017579
AVP_0057,LRKRKRLLRKRKRL,14,HSV,US_8017579
AVP_0058,LRKRKRLRKLRKRKRLRK,18,HSV,US_8017579
AVP_0060,RRWRKRWRKWRWRKRWRK,18,HSV,US_8017579
AVP_0061,KRWRKRWRKWRWRKRWRK,18,HSV,US_8017579
AVP_0062,LRWRKRWRKWRWRKRWRK,18,HSV,US_8017579
AVP_0063,HRWRKRWRKWRWRKRWRK,18,HSV,US_8017579
AVP_0064,RWRKRWRKWRWRKRWRK,17,HSV,US_8017579
AVP_0065,RRWRKRWRKRRWRKRWRK,18,HSV,US_8017579
AVP_0066,KRWRKRWRKKRWRKRWRK,18,HSV,US_8017579
AVP_0067,LRWRKRWRKLRWRKRWRK,18,HSV,US_8017579
AVP_0068,HRWRKRWRKHRWRKRWRK,18,HSV,US_8017579
AVP_0070,RWRKRGRKRWRKRGRK,16,HSV,US_8017579
AVP_0071,RTRKRWRKRTRKRGRK,16,HSV,US_8017579
AVP_0072,RWRKRWRKRWRKRWRK,16,HSV,US_8017579
AVP_0073,RWRKRWRWRKRWRWRKRW,18,HSV,US_8017579
AVP_0080,VIAGGXAAIIG,11,TMV,P86931
AVP_0081,QKKCPGRCTLKCGKHERPTLPYNCGKYICCVPVKVK,36,Chandipura Virus,P0CAP0
AVP_0082,SCASRCKGHCRARRCGYYVSVLYRGRCYCKCLRC,34,WSSV,P81613
AVP_0084,YFYNAK,6,HSV,7514546
AVP_0085,RGGRLCYCRRRFCVCVGR,18,HIV,7553971
AVP_0086,RGGRLCYCRRRFCICV,16,APD2,8250892
AVP_0087,CLGVGSCNDFAGCGYAIVCFW,21,HIV,8619594
AVP_0088,AGAGTGATAIGMVTQYHQVL,20,FIV,8661378
AVP_0089,CNCTNSSSSYSGTKMACPSNRG,22,FIV,8661378
AVP_0090,EGPTLGNWAREIWATLFKKA,20,FIV,8661378
AVP_0091,EIWATLFKKATRQCRRGRIW,20,FIV,8661378
AVP_0092,HVMLALATVLSIAGAGTGATAI,22,FIV,8661378
AVP_0093,IGLKVEAMEKFLYTAFAMQE,20,FIV,8661378
AVP_0094,IGNIPQYLKGLLGGILGIGL,20,FIV,8661378
AVP_0095,LLGGILGIGLGVLLLILCLP,20,FIV,8661378
AVP_0096,LQKWEDWVRWIGNIPQYLKG,20,FIV,8661378
AVP_0097,NQTKDLQQKFYEIIMDIEQN,20,FIV,8661378
AVP_0098,NVQGKTGIQQLQKWEDWVRW,20,FIV,8661378
AVP_0099,PDYLLVPEEVMEYKPRRKRAAI,22,FIV,8661378
AVP_0100,RGILRNWYNPFAGLRQSLEQ,20,FIV,8661378
AVP_0101,SGTKMACPSNRGILRNWYNP,20,FIV,8661378
AVP_0102,TGALKINNLRLVTLEHQVLV,20,FIV,8661378
AVP_0103,TRQCRRGRIWKRWNETITGP,20,FIV,8661378
AVP_0104,YKPRRKRAAIHVMLALATVLSI,22,FIV,8661378
AVP_0105,DASISQVNEKINQSLAFIRKSDELLHNVNAGKSTT,35,RSV,8700906
AVP_0106,DEFDASISQVNEKINQSLAFIRKSDELLHNVNAGK,35,RSV,8700906
AVP_0107,DLGPPISLERLDVGTNLGNAIAKLEDAKELLESSD,35,MV,8700906
AVP_0108,EFDASISQVNEKINQSLAFIRKSDELLHNVNAGKS,35,RSV,8700906
AVP_0109,FDASISQVNEKINQSLAFIRKSDELLHNVNAGKST,35,Paramyxovirus,8700906
AVP_0110,FDASISQVNEKINQSLAFIRKSDELLHNVNAOKST,35,RSV,8700906
AVP_0111,FPSDEFDASISQVNEKINQSLAFIRKSDELLHNVN,35,RSV,8700906
AVP_0112,FYDPLVFPSDEFDASISQVNEKINQSLAFIRKSDE,35,RSV,8700906
AVP_0113,GPPISLERLDVGTNLGNAIAKLEDAKELLESSDQI,35,MV,8700906
AVP_0114,HRIDLGPPISLERLDVGTNLGNAIAKLEDAKELLE,35,MV,8700906
AVP_0115,IDLGPPISLERLDVGTNLGNAIAKLEDAKELLESS,35,MV,8700906
AVP_0116,ISLERLDVGTNLGNAIAKLEDAKELLESSDQILRS,35,MV,8700906
AVP_0117,LERLDVGTNLGNAIAKLEDAKELLESSDQILRSMK,35,MV,8700906
AVP_0118,LGPPISLERLDVGTNLGNAIAKLEDAKELLESSDQ,35,MV,8700906
AVP_0119,LHRIDLGPPISLERLDVGTNLGNAIAKLEDAKELL,35,MV,8700906
AVP_0120,PISLERLDVGTNLGNAIAKLEDAKELLESSDQILR,35,MV,8700906
AVP_0121,PLVFPSDEFDASISQVNEKINQSLAFIRKSDELLH,35,RSV,8700906
AVP_0122,PPISLERLDVGTNLGNAIAKLEDAKELLESSDQIL,35,MV,8700906
AVP_0123,RIDLGPPISLERLDVGTNLGNAIAKLEDAKELLES,35,MV,8700906
AVP_0124,SLERLDVGTNLGNAIAKLEDAKELLESSDQILRSM,35,MV,8700906
AVP_0125,YDPLVFPSDEFDASISQVNEKINQSLAFIRKSDEL,35,RSV,8700906
AVP_0131,IDISIELNKAKSDLEESKEWIRRSNQKLDSIGNWH,35,HPF3,8700906
AVP_0134,ISIELNKAKSDLEESKEWIRRSNQKLDSIGNWHQS,35,HPF3,8700906
AVP_0135,LDPIDISIELNKAKSDLEESKEWIRRSNQKLDSIG,35,HPF3,8700906
AVP_0138,LVFPSDEFDASISQVNEKINQSLAFIRKSDELLHN,35,RSV,8700906
AVP_0139,NNSVALDPIDISIELNKAKSDLEESKEWIRRSNQK,35,HPF3,8700906
AVP_0140,NSVALDPIDISIELNKAKSDLEESKEWIRRSNQKL,35,HPF3,8700906
AVP_0141,PIDISIELNKAKSDLEESKEWIRRSNQKLDSIGNW,35,HPF3,8700906
AVP_0142,PSDEFDASISQVNEKINQSLAFIRKSDELLHNVNA,35,RSV,8700906
AVP_0144,SIELNKAKSDLEESKEWIRRSNQKLDSIGNWHQSS,35,HPF3,8700906
AVP_0146,VALDPIDISIELNKAKSDLEESKEWIRRSNQKLDS,35,HPF3,8700906
AVP_0147,VFPSDEFDASISQVNEKINQSLAFIRKSDELLHNV,35,RSV,8700906
AVP_0148,CATCEQIADSQHRSHRQMV,19,Influenza,8970989
AVP_0149,CATCQIADSHRSHRQMV,17,Influenza,8970989
AVP_0150,AEGIGALFLGFLGAAGSTMGARSMTLTVQARQL,33,HIV,9153194
AVP_0151,AVGIGALFLGFLGAAGSTMGARSMTLTVQARQL,33,HIV,9153194
AVP_0152,KPVSLSYRCPCR,12,HIV,9545196
AVP_0153,KPVSLSYRCPCRF,13,HIV,9545196
AVP_0154,KPVSLSYRCPCRFF,14,HIV,9545196
AVP_0155,LSYRCPCR,8,HIV,9545196
AVP_0156,LSYRCPCRFF,10,HIV,9545196
AVP_0157,PVSLSYRCPCRFFE,14,HIV,9545196
AVP_0158,SYRCPCRFFES,11,HIV,9545196
AVP_0159,GIGAVLKVLTTGLPALISWIKRKRQQ,26,HIV,9568968
AVP_0160,EGGTLGNWAREIWATLFKKA,20,FIV,9600086
AVP_0161,EGPGLGNWAREIWATLFKKA,20,FIV,9600086
AVP_0162,EGPTGGNWAREIWATLFKKA,20,FIV,9600086
AVP_0163,EGPTLGGWAREIWATLFKKA,20,FIV,9600086
AVP_0164,EGPTLGNWAGEIWATLFKKA,20,FIV,9600086
AVP_0165,EGPTLGNWAREGWATLFKKA,20,FIV,9600086
AVP_0166,EGPTLGNWAREIWAGLFKKA,20,FIV,9600086
AVP_0167,EGPTLGNWAREIWATGFKKA,20,FIV,9600086
AVP_0168,EGPTLGNWAREIWATLFGKA,20,FIV,9600086
AVP_0169,EGPTLGNWAREIWATLFKGA,20,FIV,9600086
AVP_0170,EGPTLGNWAREIWATLFKKG,20,FIV,9600086
AVP_0171,EGPTLGNWAREIWATLGKKA,20,FIV,9600086
AVP_0172,EGPTLGNWAREIWGTLFKKA,20,FIV,9600086
AVP_0173,EGPTLGNWARGIWATLFKKA,20,FIV,9600086
AVP_0174,EGPTLGNWGREIWATLFKKA,20,FIV,9600086
AVP_0175,GGPTLGNWAREIWATLFKKA,20,FIV,9600086
AVP_0176,LGNWAREIWATL,12,FIV,9600086
AVP_0177,LGNWAREIWATLFK,14,FIV,9600086
AVP_0178,LGNWAREIWATLFKKA,16,FIV,9600086
AVP_0179,NWAREIWATLFKKA,14,FIV,9600086
AVP_0180,PTLGNWAREIWATLFKKA,18,FIV,9600086
AVP_0182,CGRLLLRRQRRRAHQN,16,HIV,9891983
AVP_0183,DWHLGQGVSIEWRKK,15,HIV,9891983
AVP_0184,EWRKKRYSTQV,11,HIV,9891983
AVP_0185,YVSGKARGWFYRHHY,15,HIV,9891983
AVP_0186,YVSGKARGWFYRHHYESPHPRISSEVHIPLGDARLV,36,HIV,9891983
AVP_0187,ALSKALSKALSKALSKALSKALSK,24,HSV,10563406
AVP_0188,GIGKFLKKAKKGIGAVLKVLTTGL,24,HSV,10563406
AVP_0189,GMASKAGAIAGKIAKVALKAL,21,HSV,10563406
AVP_0190,KKLLKKLKKLLKKL,14,HSV,10563406
AVP_0191,RGGKIAGKIAKIAGKIAKIAGKIA,24,HSV,10563406
AVP_0192,SYSMEHFRWGKPV,13,HIV,10670585
AVP_0193,AIPCGESCVWIPCISAAIGCSCKNKVCYR,29,HIV,10691702
AVP_0194,CGESCVFIPCITSVAGCSCKSKVCYRNGIP,30,HIV,10691702
AVP_0195,KIPCGESCVWIPCLTSVFNCKCENKVCYHD,30,HIV,10691702
AVP_0196,KIPCGESCVWIPCVTSIFNCKCENKVCYHD,30,HIV,10691702
AVP_0197,CYCRIPACIAGERRYGTCIYQGRLWAFCC,29,HSV,10795591
AVP_0201,VFQFLGKIIKKVGNFVKGFSKVF,23,HSV,10795591
AVP_0202,VVCACRRALCLPLERRAGFCRIRGRIHPLCCRR,33,HSV,10795591
AVP_0203,FLPVLAGIAAKVVPALFCKITKKC,24,HSV,10795591
AVP_0205,GFPCGESCVFIPCISAAIGCSCKNKVCYRN,30,HIV,10813905
AVP_0206,GIPCGESCVFIPCLTTVAGCSCKNKVCYRN,30,HIV,10813905
AVP_0207,GTACGESCYVLPCFTVGCTCTSSQCFKN,28,HIV,10813905
AVP_0208,GVIPCGESCVFIPCISAAIGCSCKNKVCYRN,31,HIV,10813905
AVP_0210,ANTAFVSSAHNTQKIPAGAPFNRNLRAMLADLRQNAAFAG,40,HIV,11118300
AVP_0211,FKCRRWQWRM,10,HIV,11298926
AVP_0212,TFCGETCRVIPVCTYSAALGCTCDDRSDGLCKRNGDP,37,HIV,11430013
AVP_0213,GADFQECMKEHSQKQHQHQG,20,HIV,11688973
AVP_0214,KIMAKPSKFYEQLRGR,16,HIV,11688973
AVP_0215,NEYHGFVDKANNENKRKKQQGRDDFVVKPNNFANRRRK,55,HIV,11814612
AVP_0216,GIGGKILSGLKTALKGAAKELASTYLH,27,HIV,11835991
AVP_0217,GIGTKILGGVKTALKGALKELASTYAN,27,HIV,11835991
AVP_0218,AEPERRNIKYL,11,HIV,12054767
AVP_0219,QLLIRMIYKNI,11,HIV,12054767
AVP_0220,QLLIRMIYKNILFYLVPGPGHGAEPERRNIKYL,33,HIV,12054767
AVP_0221,RMIYKNILFYLVPGPGHGAEPERRNIKYL,29,HIV,12054767
AVP_0222,YALLIRMIYKNI,12,HIV,12054767
AVP_0223,YQLAIRMIYKNI,12,HIV,12054767
AVP_0224,YQLLARMIYKNI,12,HIV,12054767
AVP_0225,YQLLIAMIYKNI,12,HIV,12054767
AVP_0226,YQLLIRAIYKNI,12,HIV,12054767
AVP_0227,YQLLIRMAYKNI,12,HIV,12054767
AVP_0228,YQLLIRMIAKNI,12,HIV,12054767
AVP_0229,YQLLIRMIY,9,HIV,12054767
AVP_0230,YQLLIRMIYANI,12,HIV,12054767
AVP_0231,YQLLIRMIYKAI,12,HIV,12054767
AVP_0232,YQLLIRMIYKNA,12,HIV,12054767
AVP_0233,YQLLIRMIYKNI,12,HIV,12054767
AVP_0234,YQCGQGG,7,HIV,12126728
AVP_0235,EWYNQTKDLQQKFYEIIMDIEQNNVQGKKGIQQLQ,35,FIV,12186891
AVP_0236,GEWYNQTKDLQQKFYEIIMDIEQNNVQGKKGIQQL,35,FIV,12186891
AVP_0237,GNITLGEWYNQTKDLQQKFYEIIMDIEQNNVQG,33,FIV,12186891
AVP_0238,ITLGEWYNQTKDLQQKFYEIIMDIEQNNVQGKKGI,35,FIV,12186891
AVP_0239,IWNHGNlTLGEWYNQTKDLQQKFYEIITMDIEQNNV,36,FIV,12186891
AVP_0240,LGEWYNQTKDLQQKFYEIIMDIEQNNVQGKKGIQQ,35,FIV,12186891
AVP_0241,NITLGEWYNQTKDLQQKFYEIIMDIEQNNVQGK,33,FIV,12186891
AVP_0242,NQTKDLQQKFYEIIMDIEQNNVQGKKGIQQLQKWE,35,FIV,12186891
AVP_0243,TKDLQQKFYEIIMDIEQNNVQGKKGIQQLQKWEDW,35,FIV,12186891
AVP_0244,TLGEWYNQTKDLQQKFYEIIMDIEQNNVQGKKG,33,FIV,12186891
AVP_0245,WNHGNITLGEWYNQTKDLQQKFYEIIMDIEQNNVQ,35,FIV,12186891
AVP_0246,WYNQTKDLQQKFYEIIMDIEQNNVQGKKGIQQLQK,35,FIV,12186891
AVP_0247,YNQTKDLQQKFYEIIMDIEQNNVQGKKGIQQLQKW,35,FIV,12186891
AVP_0250,HGVSGHGQHGVHG,13,Influenza,12235362
AVP_0251,KPKQIKPPLPSV,12,HIV,12480936
AVP_0252,LPLPAPSFHRTT,12,HIV,12480936
AVP_0253,SNQGGSPLPRSV,12,HIV,12480936
AVP_0254,YCKKCCYHCQ,10,HIV,12504126
AVP_0255,AKITFTNNHPRTIWP,15,HIV,12565869
AVP_0256,LPRRLHLEPAFLPYSVKAHEC,21,HCMV,12857903
AVP_0257,LPRRLHLEPAFLPYSVKAHECC,22,HCMV,12857903
AVP_0258,RRLHLEPAFLPYSVKAHECC,20,HCMV,12857903
AVP_0259,GIGKFLHSAGKFGKAFVGEIMKS,23,HSV,15081088
AVP_0260,GIGKFLHSAKKFGKAFVGEIMNS,23,HSV,15081088
AVP_0262,KVLTTGLPALISWIKRKRQQ,20,HSV,15081088
AVP_0263,KWKVFKKIEKMGRNIRNGIVKAGPAIAVLGEAKAL,35,Junin virus,15081088
AVP_0268,ILPWKWPWWPWRR,13,HSV,15081088
AVP_0276,KWKLFKKIGIGKFLHAAKKF,20,Vaccinia,15160842
AVP_0277,KWKLFKKIGIGKFLHFAKKF,20,Vaccinia,15160842
AVP_0278,KWKLFKKIGIGKFLHVAKKF,20,Vaccinia,15160842
AVP_0279,KWKLFKKIGIGKFLHWAKKF,20,Vaccinia,15160842
AVP_0280,IQKEIDRLNEVAKNLNESLIDLQELGK,27,SARS-CoV,15184046
AVP_0281,NGIGVTQNVLYENQKQIANQFNKAISQIQESLTTTSTA,38,SARS-CoV,15184046
AVP_0282,GFCRCICTRGFCRCICTR,18,HIV,15210812
AVP_0283,GFCRCLCRRGVCRCICTR,18,HIV,15210812
AVP_0284,GICRCICGRGICRCICGR,18,HIV,15210812
AVP_0286,GVCRCLCRRGVCRCICRR,18,HIV,15210812
AVP_0287,CDSCERCWYVWLILLRVRLRLLVSL,25,Rabies,15220414
AVP_0288,CGECGGGHIVGRFCMVVRFLRLVFI,25,Rabies,15220414
AVP_0289,CRCCELKSLCPTLMRVVRLLGLVLL,25,Rabies,15220414
AVP_0290,CTMCRYQQNCFTRRLIVGGMLLVFV,25,Rabies,15220414
AVP_0291,PPDVHTPPHALWRLHLSLRVCLVRMWIH,28,Rabies,15220414
AVP_0292,YDHIQDHVNTMFSRLATSWCLLQNKERALWAEAA,34,HSV,15269351
AVP_0293,KQTENLADTY,10,HIV,15572193
AVP_0294,ALWKTLLKKVLKAAAK,16,HIV,15780876
AVP_0295,ALWKTLLKKVLKAAAKAALNAVLVGANA,28,HIV,15780876
AVP_0296,ALWMTLLKKVLKAAAK,16,HIV,15780876
AVP_0297,ALWMTLLKKVLKAAAKAALNAVLVGANA,28,HIV,15780876
AVP_0298,CGESCAMISFCFTEVIGCSCKNKVCYLNSIS,31,HIV,15824119
AVP_0299,ADRDQYELL,9,Mareks disease virus chicken,15845359
AVP_0300,DQKDEYELL,9,Mareks disease virus chicken,15845359
AVP_0301,EDLIWK,6,Mareks disease virus chicken,15845359
AVP_0302,KDLLFK,6,Marek's disease virus chicken,15845359
AVP_0303,TARLQLEARLQHLVAEILEREQSLA,25,HSV,15890943
AVP_0304,KTCENLADTY,10,HIV,15949629
AVP_0305,LLGDFFRKSKEKIGKEFKRIVQRIKDFLRNLVPRTES,37,HSV,16020269
AVP_0306,KVDISSQISSMNQSLQQSKDYIKEAQRLLDTVNPSL ,37,Henipavirus,16026621
AVP_0308,ALWKTMLKKLGTMALHAGKAALGAAADTISQGTQ,34,HIV,16140737
AVP_0309,GLFGVLAKVAAHVVPAIAEHF,21,HIV,16140737
AVP_0310,GLFGVLGSIAKHVLPHVVPVIAEKL,25,HIV,16140737
AVP_0311,GLLSVLGSVAKHVLPHVVPVIAEHL,25,HIV,16140737
AVP_0312,EQCREEEDDR,10,HIV,16308082
AVP_0313,SGKSFKAGVCPPKKSAQCLRYKKPECQSDWQCPGKKR,107,HIV,16336202
AVP_0314,RARRSLLIASALCTSDVAAATNADLRTALARADHQKTLFWL,41,HSV,16603508
AVP_0315,TARLQLEARLQHLVAEILEREQSLALHALGYQLAFV,36,HSV,16603508
AVP_0316,GVFVFNGTSWFITQRNFFS,19,SARS-CoV,16616792
AVP_0317,GYFVQDDGEWKFTGSSYYY,19,SARS-CoV,16616792
AVP_0318,GYHLMSFPQAAPHGVVFLHVTW,22,SARS-CoV,16616792
AVP_0319,PQITLRKKRRQRRRPPQVSFNFATLNF,27,HIV,16687179
AVP_0320,PQITLRKKRRQRRRPPQVSFNFCTLNF,27,HIV,16687179
AVP_0321,EKKCPGRCTLKCGKHERPTLPYNCGKYICCVPVKVK,36,"Chandipura virus , Vesicular stomatitis virus",16700051
AVP_0322,DITIJQISVALDPIDISIELNKAKSDLEESKEWIRRSNQKLDSIGN,46,Hendra Virus,16973588
AVP_0323,PPVYTKDVDISSQISSMNQSLQQSKDYIKEAQKILDTVNPSL,42,Hendra Virus,16973588
AVP_0324,SIELNKAKSDLEESKEWIRRSNQKLDSI,28,Hendra Virus,16973588
AVP_0325,VALDPIDISIELNKAKSDLEESKEWIRR,28,Hendra Virus,16973588
AVP_0326,VALDPIDISIELNKAKSDLEESKEWIRRSNQKLDSD,36,Hendra Virus,16973588
AVP_0327,VALDPIDISIELNKAKSDLEESKEWIRRSNQKLDSI,36,Hendra Virus,16973588
AVP_0328,VANDPIDISIELNKAKSDLEESKEWIRRSNQKLDSD,36,Hendra Virus,16973588
AVP_0329,VANDPIDISIELNKAKSDLEESKEWIRRSNQKLDSI,36,Hendra Virus,16973588
AVP_0330,VYTDKVDISSQISSMNQSLQQSKDYIKEAQKILDTV,36,Hendra Virus,16973588
AVP_0332,KKRKRRFLGFLLGVGSA,17,RSV,17050595
AVP_0333,SSVITSLGAIVSCYGKT,17,RSV,17050595
AVP_0334,CDVIALLACHLNT,13,WNV,17151121
AVP_0335,CDVIALLCHLNT,12,WNV,17151121
AVP_0336,CDVIALLCHLNTPSF,15,WNV,17151121
AVP_0337,CDVIALLCHLNTPSFNTTHYRESWY,25,WNV,17151121
AVP_0338,DTRACDVIALLCHLNT,16,WNV,17151121
AVP_0339,MTWEAWDRAIAEYAARIEALIRAAQEQQEKNEAALREL,38,HIV,17640899
AVP_0340,MTWMAWDRAIANYAALIHALIEAAQNQQEKNEAALLEL,38,HIV,17640899
AVP_0341,MTWMEWDREINNYTSLIHSLIEESQNQQEKNEQELL,36,HIV,17640899
AVP_0342,MTWMEWDREINNYTSLIHSLIEESQNQQEKNEQELLEL,38,HIV,17640899
AVP_0343,TTWEAWDRAIAEYAARIEALIRAAQELQEKLEAALREL,38,HIV,17640899
AVP_0344,TTWEAWDRAIAEYAARIEALIRAAQELQEKNEAALREL,38,HIV,17640899
AVP_0345,TTWEAWDRAIAEYAARIEALIRAAQEQQEKLEAALREL,38,HIV,17640899
AVP_0346,TTWEAWDRAIAEYAARIEALIRAAQEQQEKLEAVLREL,38,HIV,17640899
AVP_0347,TTWEAWDRAIAEYAARIEALIRAAQEQQEKNEAALREL,38,HIV,17640899
AVP_0348,TTWEAWDRAIAEYAARIEALIRAAQEQQEKNEAILREL,38,HIV,17640899
AVP_0349,TTWEAWDRAIAEYAARIEALIRALQELQEKLEAILREL,38,HIV,17640899
AVP_0350,TTWEAWDRAIAEYAARIEALIRALQELQEKNEAALREL,38,HIV,17640899
AVP_0351,TTWEAWDRAIAEYAARIEALIRALQELQEKNEAILREL,38,HIV,17640899
AVP_0352,TTWEAWDRAIAEYAARIEALIRALQEQQEKNEAALREL,38,HIV,17640899
AVP_0353,TTWEAWDRAIAEYAARIEALIRALQEQQEKNEAILREL,38,HIV,17640899
AVP_0354,TTWEAWDRAIAEYAARIEALIRASQEQQEKNEAELREL,38,HIV,17640899
AVP_0355,TTWEEWDREINEYTSRIESLIRESQEQQEKNEQELREL,38,HIV,17640899
AVP_0356,WQEWEQKITALLEQAQIQQEKNEYELQKLDKWASLWEWF,39,HIV,17640899
AVP_0357,YTSLIHSLIEESQNQQEKNEQELLELDKWASLWNWF,36,HIV,17640899
AVP_0358,GGTIFDCGETCFLGTCYTPGCSCGNYGFCYGTN,33,HIV,18081258
AVP_0359,GIPCAESCVWIPCTVTALVGCSCSDKVCYN,30,HIV,18081258
AVP_0360,GLPICGETCVGGTCNTPGCSCSWPVCTRN,29,HIV,18081258
AVP_0361,GLPVCGETCVGGTCNTPGCTCSWPVCTRN,29,HIV,18081258
AVP_0362,GVPCGESCVFIPCITGVIGCSCSSNVCYLN,30,HIV,18081258
AVP_0363,DWLRIIWDWVCSVVSDFK,18,"HCV, WNV, DV, MV, RSV, HIV, paramyxoviruses",18287023
AVP_0364,GSWLRDIWDWICEVLSDFK,19,"HCV, WNV, DV, MV, RSV, HIV, paramyxoviruses",18287023
AVP_0365,KFDSLVECIWDWIDRLWS,18,"HCV, WNV, DV, MV, RSV, HIV, paramyxoviruses",18287023
AVP_0366,KWLCRIWSWISDVLDDFE,18,"HCV, WNV, DV, MV, RSV, HIV, paramyxoviruses",18287023
AVP_0367,SGSWLRDIWDWICEVLSDFK,20,"HCV, WNV, DV, MV, RSV, HIV, paramyxoviruses",18287023
AVP_0368,SIWRDWVDLICEFLSDWK,18,"HCV, WNV, DV, MV, RSV, HIV, paramyxoviruses",18287023
AVP_0369,SWLDDIWDWICEVLSDFE,18,"HCV, WNV, DV, MV, RSV, HIV, paramyxoviruses",18287023
AVP_0370,SWLDRIWRWICKVLSRFE,18,"HCV, WNV, DV, MV, RSV, HIV, paramyxoviruses",18287023
AVP_0371,SWLRDIWDWICEVL,14,"HCV, WNV, DV, MV, RSV, HIV, paramyxoviruses",18287023
AVP_0372,SWLRDIWDWICEVLSD,16,"HCV, WNV, DV, MV, RSV, HIV, paramyxoviruses",18287023
AVP_0373,SWLRDIWDWICEVLSDFK,18,"HCV, WNV, DV, MV, RSV, HIV, paramyxoviruses",18287023
AVP_0374,SWLRDIWDWICEVLSDFKT,19,"HCV, WNV, DV, MV, RSV, HIV, paramyxoviruses",18287023
AVP_0375,SWLRDIWDWICEVLSDFKTW,20,"HCV, WNV, DV, MV, RSV, HIV, paramyxoviruses",18287023
AVP_0376,SWLRDIWDWICKVLSDFK,18,"HCV, WNV, DV, MV, RSV, HIV, paramyxoviruses",18287023
AVP_0377,SWLRDIWDWIEEVLSDFK,18,"HCV, WNV, DV, MV, RSV, HIV, paramyxoviruses",18287023
AVP_0378,SWLRDIWDWIREVLSDFK,18,"HCV, WNV, DV, MV, RSV, HIV, paramyxoviruses",18287023
AVP_0379,SWLRDIWDWISEVLSDFK,18,"HCV, WNV, DV, MV, RSV, HIV, paramyxoviruses",18287023
AVP_0380,SWLRDIWRWICKVLSRFK,18,"HCV, WNV, DV, MV, RSV, HIV, paramyxoviruses",18287023
AVP_0381,SWLRDVWDWICTVLTDFK,18,"HCV, WNV, DV, MV, RSV, HIV, paramyxoviruses",18287023
AVP_0382,SWLRDVWDWVCTILTDFK,18,"HCV, WNV, DV, MV, RSV, HIV, paramyxoviruses",18287023
AVP_0383,SWLRDVWDWVCTVLSDFK,18,"HCV, WNV, DV, MV, RSV, HIV, paramyxoviruses",18287023
AVP_0384,SWLRRIWRWICKVLSRFK,18,"HCV, WNV, DV, MV, RSV, HIV, paramyxoviruses",18287023
AVP_0385,SWLWEVWDWVLHVLSDFK,18,"HCV, WNV, DV, MV, RSV, HIV, paramyxoviruses",18287023
AVP_0386,SWRLIDWDWICEVLSDFK,18,"HCV, WNV, DV, MV, RSV, HIV, paramyxoviruses",18287023
AVP_0387,TWLRAIWDWVCTALTDFK,18,"HCV, WNV, DV, MV, RSV, HIV, paramyxoviruses",18287023
AVP_0390,AAHLIDALYAEFLGGRVLTT,20,HSV,18572274
AVP_0391,AAHLIDALYAEFLGGRVLTTPVVHRALFYASAVLRQPFLAGVPSA,45,HSV,18572274
AVP_0392,GLASTLTRWAHYNALIRAF,19,HSV,18572274
AVP_0393,FKRIVQRIKDFLR,13,HIV,18591279
AVP_0394,GFKRIVQRIKDFLRNLV,17,HIV,18591279
AVP_0395,GIKEFKREFQRIKDFLRNLV,20,HIV,18591279
AVP_0396,GIKEFKRIVQRIKDFLRNLV,20,HIV,18591279
AVP_0397,GIKEWKRIVQRIKDFLRNLV,20,HIV,18591279
AVP_0398,GIKQFKRIVQRIKDFLRNLV,20,HIV,18591279
AVP_0399,GRFKRFRKKFKKLFKKIS,18,HIV,18591279
AVP_0400,GRFKRFRKPFKKLFKKIS,18,HIV,18591279
AVP_0401,GRFKRXRKKXKKLFKKIS,18,HIV,18591279
AVP_0402,LLGDLLRKSKEKIGKEFKRIVQRIKDFLRNLVPRTES,37,HIV,18591279
AVP_0403,SKEKIGKEFKRIVQRIKDFLR,21,HIV,18591279
AVP_0406,EELAKKAEELAKKAEELAKKAEELAKKAWASLWNWF,36,HIV,18682248
AVP_0407,WMEWDREIEALAKAAEALAKAAEALAKAAWASLWNWF,37,HIV,18682248
AVP_0408,WMEWDREIEEAAKKLEEAAKKLEEAAKKLWASLWNWF,37,HIV,18682248
AVP_0409,WMEWDREIEELAKKAEELAKKAEELAKKAWASLWNWF,37,HIV,18682248
AVP_0410,ACYCRIPACIAGERRYGTCIYQGRLWAFCC,30,BKV,18782756
AVP_0411,ARATCYCRTGRCATRESLSGVCEISGRLYRLCCR,34,BKV,18782756
AVP_0412,GTKALTEVIPLTEEAEC,17,HIV,18952602
AVP_0413,GTKWLTEWIPLC,12,HIV,18952602
AVP_0414,GTKWLTEWIPLTAEAEC,17,HIV,18952602
AVP_0415,GTKWLTEWIPLTAEC,15,HIV,18952602
AVP_0416,GHRRYFTFGGGYVYF,15,HSV,19104014
AVP_0417,HEFVPLEVYTRHEIK,15,HSV,19104014
AVP_0418,KTTSSIEFARLQFTY,15,HSV,19104014
AVP_0419,TTPKFTVAWDWVPKR,15,HSV,19104014
AVP_0420,RRKKAAVAALPAVLLALLAP,20,Vaccinia,19395056
AVP_0421,RRKKAAVALAPAVLLALLAP,20,Vaccinia,19395056
AVP_0422,RRKKAAVALKPAVLLALLAP,20,Vaccinia,19395056
AVP_0423,RRKKAAVALLKAVLLAALAP,20,Vaccinia,19395056
AVP_0424,RRKKAAVALLKAVLLALAAP,20,Vaccinia,19395056
AVP_0425,RRKKAAVALLKAVLLALKAP,20,Vaccinia,19395056
AVP_0426,RRKKAAVALLPAVALALLAP,20,Vaccinia,19395056
AVP_0427,RRKKAAVALLPAVKLALLAP,20,Vaccinia,19395056
AVP_0428,RRKKAAVALLPAVLAALLAP,20,Vaccinia,19395056
AVP_0429,RRKKAAVALLPAVLEALLAP,20,Vaccinia,19395056
AVP_0430,RRKKAAVALLPAVLKALLAP,20,Vaccinia,19395056
AVP_0431,RRKKAAVALLPAVLLAKLAP,20,Vaccinia,19395056
AVP_0432,RRKKAAVALLPAVLLALL,18,Vaccinia,19395056
AVP_0433,RRKKAAVALLPAVLLALLA,19,Vaccinia,19395056
AVP_0435,RRKKALLPAVLLALLAP,17,Vaccinia,19395056
AVP_0436,RRKKAVALLPAVLLALLAP,19,Vaccinia,19395056
AVP_0437,RRKKLLPAVLLALLAP,16,Vaccinia,19395056
AVP_0438,RRKKVALLPAVLLALLAP,18,Vaccinia,19395056
AVP_0440,ECKFTVKPYLKRFQVYYKGRMWCP,24,Nervous necrosis virus,20004246
AVP_0441,GIKCRFCCGCCTPGICGVCCRF,22,Nervous necrosis virus,20004246
AVP_0442,FFGKVLKLIRKIF,13,HIV,20086159
AVP_0443,FFHHIFRGIVHVGKTIHRLVTG,22,HIV,20086159
AVP_0444,FLFPLITSFLSKVL,14,HIV,20086159
AVP_0445,GFKDLLKGAAKALVKTVLF,19,HIV,20086159
AVP_0446,GFLDIIEKIAKSW,13,HIV,20086159
AVP_0447,GFLSILKKVLPKVMAHMK,18,HIV,20086159
AVP_0448,GFNEIVQDIEDFLQNLV,17,HIV,20086159
AVP_0449,GIIDIAKKLFESW,13,HIV,20086159
AVP_0450,GIWDTIKSMGKVFAGKILQNL,21,HIV,20086159
AVP_0451,GIWSDLAEIIKKF,13,HIV,20086159
AVP_0452,GLFDIIKKIAESW,13,HIV,20086159
AVP_0453,GLLGLLGSVVSHVVPAIVGHF,21,HIV,20086159
AVP_0454,GLRRLLGRLLRRLGRLLLR,19,HIV,20086159
AVP_0455,GLRSKIWLWVLLMIWQESNKFKKM,24,HIV,20086159
AVP_0456,GLRSRIWLWVLLMIWQESNRFKRM,24,HIV,20086159
AVP_0457,GWFDIIKKIASEL,13,HIV,20086159
AVP_0458,GWFDVVKHIAKRF,13,HIV,20086159
AVP_0459,GWLKKIESIIDAF,13,HIV,20086159
AVP_0460,HVDKKVADKVLLLKQLRIMRLLTRL,25,HIV,20086159
AVP_0461,ILGPVLGLVSRTLRRVLGIL,20,HIV,20086159
AVP_0462,LLKELWTKIKGAGKAVLGKIKGLL,24,HIV,20086159
AVP_0463,SLSRFLRFLKIVYRRAF,17,HIV,20086159
AVP_0464,VFQFLGRIIHHVGNFVHGFSHVF,23,HIV,20086159
AVP_0466,AIKWEYVLLLFLL,13,HCV,20156485
AVP_0467,FAIKWEYVLLLFLL,14,HCV,20156485
AVP_0468,IKWEYVLLLFLL,12,HCV,20156485
AVP_0469,KWEYVLLLFLL,11,HCV,20156485
AVP_0470,SFAIKWEYVLLLFLL,15,HCV,20156485
AVP_0471,VSFAIKWEYVLLLFL,15,HCV,20156485
AVP_0472,WEYVLLLFLL,10,HCV,20156485
AVP_0473,GFIFHIIKGLFHAGKMIHGLV,21,Nervous necrosis virus (NNV)-medaka,20214942
AVP_0475,AALYKKKIIKKLLES,15,Vaccinia,20347875
AVP_0476,KNGRKLCLDLQAALY,15,Vaccinia,20347875
AVP_0477,RWRWRW,6,Vaccinia,20347875
AVP_0481,TSQNIRS,7,high,21193836
AVP_0482,RRKKAAVALLPAVLLA,16,Influenza,21220525
AVP_0483,RRKKAAVALLPAVLLAL,17,Influenza,21220525
AVP_0484,RRKKAVLLALLAP,13,Influenza,21220525
AVP_0485,RRKKLPAVLLALLAP,15,Influenza,21220525
AVP_0486,RRKKPAVLLALLAP,14,Influenza,21220525
AVP_0487,RRKKVLLALLAP,12,Influenza,21220525
AVP_0490,RRKKAAVALLPAVLLALLAP,20,Influenza,21220525
AVP_0495,AVSPTTLRTEVVKTFRRDKPFPHRMDCVTT,30,CSFV,21400206
AVP_0496,LAEGPPVKECAVTCRYDKDADINVVTQARN,30,CSFV,21400206
AVP_0497,VSRRYLASLHKKALPTSVTFELLFDGTNPS,30,CSFV,21400206
AVP_0498,DCPNGPWVWVPAFCQAVGWG,20,HIV,21543477
AVP_0499,GPWVWVPAFCQAVGWGDPIT,20,HIV,21543477
AVP_0500,LCDCPNGPWVWVPAFCQAVG,20,HIV,21543477
AVP_0501,PNGPWVWVPAFCQAVGWGDP,20,HIV,21543477
AVP_0502,PTGERVWDRGNVTLLCDCPN,20,HIV,21543477
AVP_0503,RGNVTLLCDCPNGPWVWVPA,20,HIV,21543477
AVP_0504,RIPTGERVWDRGNVTLLCDC,20,HIV,21543477
AVP_0505,TLLCDCPNGPWVWVPAFCQA,20,HIV,21543477
AVP_0506,WDRGNVTLLCDCPNGPWVWV,20,HIV,21543477
AVP_0507,WVWVPAFCQAVGWGDPITHW,20,HIV,21543477
AVP_0508,SWLRDIWDWACEVLSDFK,18,"HCV,HIV",21801309
AVP_0509,SWLRDIWDWECEVLSDFK,18,"HCV,HIV",21801309
AVP_0510,SWLRDIWDWGCEVLSDFK,18,"HCV,HIV",21801309
AVP_0511,SWLRDIWDWICELLSDFK,18,"HCV,HIV",21801309
AVP_0512,SWLRDIWDWKCEVLSDFK,18,"HCV,HIV",21801309
AVP_0513,SWLRDIWDWLCELLSDFK,18,"HCV,HIV",21801309
AVP_0514,SWLRDIWDWLCEVLSDFK,18,"HCV,HIV",21801309
AVP_0515,SWLRDIWDWSCEVLSDFK,18,"HCV,HIV",21801309
AVP_0516,SWLRDIWDWVCEVLSDFK,18,"HCV,HIV",21801309
AVP_0517,SWLRDLWDWICELLSDFK,18,"HCV,HIV",21801309
AVP_0518,SWLRDLWDWICEVLSDFK,18,"HCV,HIV",21801309
AVP_0519,SWLRDLWDWLCELLSDFK,18,"HCV,HIV",21801309
AVP_0520,SWLRDLWDWLCEVLSDFK,18,"HCV,HIV",21801309
AVP_0523,KHMHWHPPALNT,12,HBV,21856287
AVP_0524,MKATILLAVVVAVIVGVQEAQSVACRSYYCSKFCGSA,100,VHSV,21858010
AVP_0525,GWFEGWFNRSPWFTT,15,FeLV,21900723
AVP_0526,VEENMKKLEERLKKREELFKKQEEWFKKWFERSKKFT,37,FeLV,21900723
AVP_0527,VRDNMAKLRERLKQRQQLFDSQQGWFEGWFNRSPWFT,37,FeLV,21900723
AVP_0528,PPWCCCSPMKRASPPPAQSDLPATPKCPP,29,Influenza,22095520
AVP_0529,GDPTFCGETCRVIPVCTYSAALGCTCDDRSDGLCKRN,37,HIV,11430013
AVP_0530,RRCICTTRTCRFPYRRLGTCIFQNRVYTFCC,31,HSV,"2473036 , 3623703"
AVP_0531,NGVIPCGESCVFIPCISTLLGCSKNKVCYR,30,HIV,8920961
AVP_0532,VCYRNGIPCGESCVWIPCISAALGSCK,27,HIV,8920961
AVP_0533,IQKEIDRLNEVAKNLNESLI,20,SARS-CoV,US 7491489
AVP_0534,PTTFMLKYDENGTITDAVDC,20,SARS-CoV,US 7491489
AVP_0535,QYGSFCTQLNRALSGIAAEQ,20,SARS-CoV,US 7491489
AVP_0536,YQDVNCTDVSTAIHADQLTP,20,SARS-CoV,US 7491489
AVP_0537,ACKFWW,6,HIV,US5578573
AVP_0538,HAKFWW,6,HIV,US5578573
AVP_0539,HCAFWW,6,HIV,US5578573
AVP_0540,HCKAWW,6,HIV,US5578573
AVP_0541,HCKFWF,6,HIV,US5578573
AVP_0542,HCKFWG,6,HIV,US5578573
AVP_0543,HCKFWH,6,HIV,US5578573
AVP_0544,HCKFWI,6,HIV,US5578573
AVP_0545,HCKFWR,6,HIV,US5578573
AVP_0546,HCKFWV,6,HIV,US5578573
AVP_0547,HCKFWW,6,HIV,US5578573
AVP_0548,HCKFWY,6,HIV,US5578573
AVP_0549,ALDPIDISIELNKAKSDLEESKEWIRRSNQKLDS,34,HPF3,US6440656
AVP_0550,AQITAAVALVEAKQARSDIEKLKEAIRDTNKAVQS,35,HPF3,US6440656
AVP_0551,DASISQVNEKINQSLAFIRKSDELLHNVNAGKSIT,35,RSV,US6440656
AVP_0552,DPIDISIELNKAKSDLEESKEWIRRSNQKLDSIG,34,HPF3,US6440656
AVP_0553,DPLVFPSDEFDASISQVNEKINQSLAFIRKSDELL,35,RSV,US6440656
AVP_0554,IDISIELNKAKSDLEESKEWIRRSNQKLDSIGNW,34,HPF3,US6440656
AVP_0555,LDPIDISIELNKAKSDLEESKEWIRRSNQKLDSI,34,HPF3,US6440656
AVP_0556,LKEAIRDTNKAVQSVQSSIGNLIVAIKSVQDYVNK,35,HPF3,US6440656
AVP_0558,NSVALDPIDISIELNKAKSDLEESKEWIRRSNQK,34,HPF3,US6440656
AVP_0559,PIDISIELNKAKSDLEESKEWIRRSNQKLDSIGN,34,HPF3,US6440656
AVP_0561,QARSDIEKLKEAIRDTNKAVQSVQSSIGNLIVAIK,35,HPF3,US6440656
AVP_0562,SDEFDASISQVNEKINQSLAFIRKSDELLHNVNAG,35,RSV,US6440656
AVP_0564,DREINNYTSLIHSLIEESQNQQEKNEQELLELDKWA,36,HIV,US6861059
AVP_0565,EWDREINNYTSLIHSLIEESQNQQEKNEQELLELDK,36,HIV,US6861059
AVP_0566,IWNNMTWMEWDREINNYTSLIHSLIEESQNQQEKNE,36,HIV,US6861059
AVP_0567,LIHSLIEESQNQQEKNEQELLELDKWASLWNWFNIT,36,HIV,US6861059
AVP_0568,MEWDREINNYTSLIHSLIEESQNQQEKNEQELLELD,36,HIV,US6861059
AVP_0569,NMTWMEWDREINNYTSLIHSLIEESQNQQEKNEQEL,36,HIV,US6861059
AVP_0570,NNMTWMEWDREINNYTSLIHSLIEESQNQQEKNEQE,36,HIV,US6861059
AVP_0571,NNYTSLIHSLIEESQNQQEKNEQELLELDKWASLWN,36,HIV,US6861059
AVP_0572,NYTSLIHSLIEESQNQQEKNEQELLELDKWASLWNW,36,HIV,US6861059
AVP_0573,QIWNNMTWMEWDREINNYTSLIHSLIEESQNQQEKN,36,HIV,US6861059
AVP_0574,SLIHSLIEESQNQQEKNEQELLELDKWASLWNWFNI,36,HIV,US6861059
AVP_0575,TSLIHSLIEESQNQQEKNEQELLELDKWASLWNWFN,36,HIV,US6861059
AVP_0576,TWMEWDREINNYTSLIHSLIEESQNQQEKNEQELLE,36,HIV,US6861059
AVP_0577,WDREINNYTSLIHSLIEESQNQQEKNEQELLELDKW,36,HIV,US6861059
AVP_0578,WMEWDREINNYTSLIGSLIEESQNQQEKNEQELLE,35,HIV,US6861059
AVP_0579,WMEWDREINNYTSLIHSLIEESQNQQEKNEQELLE,35,HIV,US6861059
AVP_0580,WMEWDREINNYTSLIHSLIEESQNQQEKNEQELLEL,36,HIV,US6861059
AVP_0581,WNNMTWMEWDREINNYTSLIHSLIEESQNQQEKNEQ,36,HIV,US6861059
AVP_0582,YTSLIHSLIEESQNLQEKNEQELLELDKWASLWNWF,36,HIV,US6861059
AVP_0583,YTSLIHSLIEESQNQQEKLEQELLELDKWASLWNWF,36,HIV,US6861059
AVP_0584,YTSLIHSLIEESQNQQEKNEQELLEFDKWASLWNWF,36,HIV,US6861059
AVP_0585,YTSLIHSLIEESQNQQEKNEQELLELDKWASLANWF,36,HIV,US6861059
AVP_0586,YTSLIHSLIEESQNQQEKNEQELLELDKWASLFNFF,36,HIV,US6861059
AVP_0587,YTSLIHSLIEESQNQQEKNEQELLELDKWASLWNAF,36,HIV,US6861059
AVP_0588,YTSLIHSLIEESQNQQEKNEQELLELDKWASLWNSF,36,HIV,US6861059
AVP_0590,YTSLIHSLIEESQNQQEKNEQELLELDKWASPWNWF,36,HIV,US6861059
AVP_0591,YTSLIHSLIEESQNQQEKNEQELLELNKWASLWNWF,36,HIV,US6861059
AVP_0592,YTSLIHSLIEESQNQQEKNEQELLQLDKWASLWNWF,36,HIV,US6861059
AVP_0593,YTSLIHSLIEESQNQQEKNEQQLLELDKWASLWNWF,36,HIV,US6861059
AVP_0594,YTSLIHSLIEESQNQQEKNQQELLQLDKWASLWNWF,36,HIV,US6861059
AVP_0595,YTSLIHSLIEESQQQQEKNEQELLELDKWASLWNWF,36,HIV,US6861059
AVP_0596,YTSLIHSLIEQSQNQQEKNEQELLELDKWASLWNWF,36,HIV,US6861059
AVP_0597,YTSLIHSLIQESQNQQEKNEQELLELDKWASLWNWF,36,HIV,US6861059
AVP_0598,YTSLIQSLIEESQNQQEKNEQELLELDKWASLWNWF,36,HIV,US6861059
AVP_0599,YTSLIQSLIEESQNQQEKNEQQLLELDKWASLWNWF,36,HIV,US6861059
AVP_0600,AIRDTNKAVQSVQSSIGNLIVAIKSVQDYVNKEIV,35,HPF3,US6951717
AVP_0601,AKQARSDIEKLKEAIRDTNKAVQSVQSSIGNLIVA,35,HPF3,US6951717
AVP_0602,ALDPIDISIELNKAKSDLEESKEWIRRSNQKLDSI,35,HPF3,US6951717
AVP_0603,ALLSTNKAVVSLSNGVSVLTSKVLDLKNYIDKQ,33,RSV,US6951717
AVP_0604,ARSDIEKLKEAIRDTNKAVQSVQSSIGNLIVAIKS,35,HPF3,US6951717
AVP_0605,AVALVEAKQARSDIEKLKEAIRDTNKAVQSVQSSI,35,HPF3,US6951717
AVP_0607,DFLEENITALLEEAQIQQEKNMYELQKLNSWDVFG,35,SIV,US6951717
AVP_0608,DISIELNKAKSDLEESKEWIRRSNQKLDSIGNWHQ,35,HPF3,US6951717
AVP_0609,DLGPPISLERLDVGTNLGNAIAKLEAKELLESSD,34,MV,US6951717
AVP_0610,DPIDISIELNKAKSDLEESKEWIRRSNQKLDSIGN,35,HPF3,US6951717
AVP_0611,EAKQARSDIEKLKEAIRDTNKAVQSVQSSIGNLIV,35,HPF3,US6951717
AVP_0612,ELNKAKSDLEESKEWIRRSNQKLDSIGNWHQSSTT,35,HPF3,US6951717
AVP_0613,ERKVDFLEENITALLEEAQIQQEKNMYELQKLNSW,35,SIV,US6951717
AVP_0615,EWERKVDFLEENITALLEEAQIQQEKNMYELQKLN,35,SIV,US6951717
AVP_0616,FLEENITALLEEAQIQQEKNMYELQKLNSWDVFGN,35,SIV,US6951717
AVP_0618,GPPISLERLDVGTNLGNAIAKLEAKELLESSDQI,34,MV,US6951717
AVP_0619,HRIDLGPPISLERLDVGTNLGNAIAKLEAKELLE,34,MV,US6951717
AVP_0622,IDLGPPISLERLDVGTNLGNAIAKLEAKELLESS,34,MV,US6951717
AVP_0623,IELNKAKSDLEESKEWIRRSNQKLDSIGNWHQSST,35,HPF3,US6951717
AVP_0625,KIALLSTNKAVVSLSNGVSVLTSKVLDLKNYID,33,RSV,US6951717
AVP_0626,KLKEAIRDTNKAVQSVQSSIGNLIVAIKSVQDYVN,35,HPF3,US6951717
AVP_0627,KQARSDIEKLKEAIRDTNKAVQSVQSSIGNLIVAI,35,HPF3,US6951717
AVP_0628,KVDFLEENITALLEEAQIQQEKNMYELQKLNSWDV,35,SIV,US6951717
AVP_0629,KVLHLEGEVNKIALLSTNKAVVSLSNGVSVLTS,33,RSV,US6951717
AVP_0631,LEGEVNKIALLSTNKAVVSLSNGVSVLTSKVLD,33,RSV,US6951717
AVP_0632,LERLDVGTNLGNAIAKLEAKELLESSDQILRSMK,34,MV,US6951717
AVP_0633,LGPPISLERLDVGTNLGNAIAKLEAKELLESSDQ,34,MV,US6951717
AVP_0634,LHRIDLGPPISLERLDVGTNLGNAIAKLEAKELL,34,MV,US6951717
AVP_0635,LNNSVALDPIDISIELNKAKSDLEESKEWIRRSNQ,35,HPF3,US6951717
AVP_0636,LVEAKQARSDIEKLKEAIRDTNKAVQSVQSSIGNL,35,HPF3,US6951717
AVP_0637,NKIALLSTNKAVVSLSNGVSVLTSKVLDLKNYI,33,RSV,US6951717
AVP_0641,PISLERLDVGTNLGNAIAKLEAKELLESSDQILR,34,MV,US6951717
AVP_0642,PPISLERLDVGTNLGNAIAKLEAKELLESSDQIL,34,MV,US6951717
AVP_0643,QEWERKVDFLEENITALLEEAQIQQEKNMYELQKL,35,SIV,US6951717
AVP_0644,RIDLGPPISLERLDVGTNLGNAIAKLEAKELLES,34,MV,US6951717
AVP_0645,RKVDFLEENITALLEEAQIQQEKNMYELQKLNSWD,35,SIV,US6951717
AVP_0646,RSDIEKLKEAIRDTNKAVQSVQSSIGNLIVAIKSV,35,HPF3,US6951717
AVP_0647,SDIEKLKEAIRDTNKAVQSVQSSIGNLIVAIKSVQ,35,HPF3,US6951717
AVP_0649,SKVLHLEGEVNKIALLSTNKAVVSLSNGVSVLT,33,RSV,US6951717
AVP_0650,SLERLDVGTNLGNAIAKLEAKELLESSDQILRSM,34,MV,US6951717
AVP_0651,SVALDPIDISIELNKAKSDLEESKEWIRRSNQKLD,35,HPF3,US6951717
AVP_0652,TAAVALVEAKQARSDIEKLKEAIRDTNKAVQSVQS,35,HPF3,US6951717
AVP_0653,TLNNSVALDPIDISIELNKAKSDLEESKEWIRRSN,35,HPF3,US6951717
AVP_0655,VAVSKVLHLEGEVNKIALLSTNKAVVSLSNGVS,33,RSV,US6951717
AVP_0656,VDFLEENITALLEEAQIQQEKNMYELQKLNSWDVF,35,SIV,US6951717
AVP_0657,VEAKQARSDIEKLKEAIRDTNKAVQSVQSSIGNLI,35,HPF3,US6951717
AVP_0658,VNKIALLSTNKAVVSLSNGVSVLTSKVLDLKNY,33,RSV,US6951717
AVP_0659,VSKVLHLEGEVNKIALLSTNKAVVSLSNGVSVL,33,RSV,US6951717
AVP_0660,WERKVDFLEENITALLEEAQIQQEKNMYELQKLNS,35,SIV,US6951717
AVP_0661,WQEWERKVDFLEENITALLEEAQIQQEKNMYELQK,35,SIV,US6951717
AVP_0663,AVSKVLHLEGEVNKIALLSTNKAVVSLSNGVSV,33,RSV,US6951717
AVP_0664,EVNKIALLSTNKAVVSLSNGVSVLTSKVLDLKN,33,RSV,US6951717
AVP_0665,GEVNKIALLSTNKAVVSLSNGVSVLTSKVLDLK,33,RSV,US6951717
AVP_0666,IALLSTNKAVVSLSNGVSVLTSKVLDLKNYIDK,33,RSV,US6951717
AVP_0677,CGSVFLVGQLFTFSPRHH,18,HIV,US7416733
AVP_0678,GIKYFSMVGNWAKVLVVL,18,HIV,US7416733
AVP_0679,LLRIPQAIMDMIAGAHWG,18,HIV,US7416733
AVP_0680,SSGLYHVTNDCPNSSIVY,18,HIV,US7416733
AVP_0681,YPGHITGHRMANMMMNW,17,HIV,US7416733
AVP_0682,LEAIPCSIPPCFAFNKDFVF,20,HIV,US7655629
AVP_0683,LEAIPCSIPPCFAFNKPFVF,20,HIV,US7655629
AVP_0684,LEAIPCSIPPCFLFGKPFVF,20,HIV,US7655629
AVP_0685,LEAIPCSIPPCLAFAKPFVF,20,HIV,US7655629
AVP_0686,LEAIPCSIPPCVFFGKPFVF,20,HIV,US7655629
AVP_0687,LEAIPCSIPPCVFFNKPFVF,20,HIV,US7655629
AVP_0688,LEAIPCSIPPCVGFGKPFVF,20,HIV,US7655629
AVP_0689,LEAIPCSIPPCVLFNKPFVF,20,HIV,US7655629
AVP_0690,LEAIPCSIPPECLFGKPFVF,20,HIV,US7655629
AVP_0691,LEAIPCSIPPEFLFGKPFVFLEAIPCSIPPEFLFGKPFVF,40,HIV,US7655629
AVP_0692,LEAIPISIPPELAFAKPFVF,20,HIV,US7655629
AVP_0693,LEAIPISIPPEVFFGKPFVF,20,HIV,US7655629
AVP_0694,LEAIPMCIPPECFFNKPFVF,20,HIV,US7655629
AVP_0695,LEAIPMCIPPECLFGKPFVF,20,HIV,US7655629
AVP_0696,LEAIPMCIPPECLFNKPFVF,20,HIV,US7655629
AVP_0697,LEAIPMKIPPEFLFGKPFVF,20,HIV,US7655629
AVP_0698,LEAIPMSCPPEFCFGKPFVF,20,HIV,US7655629
AVP_0699,LEAIPMSIPPEFAFNKDFVF,20,HIV,US7655629
AVP_0700,LEAIPMSIPPEFLFGKPFVF,20,HIV,US7655629
AVP_0701,LEAIPMSIPPEIAFNKPFVF,20,HIV,US7655629
AVP_0702,LEAIPMSIPPELAFAKPFVF,20,HIV,US7655629
AVP_0703,LEAIPMSIPPEVFFGKPFVF,20,HIV,US7655629
AVP_0704,LEAIPMSIPPEVKFNKPFVF,20,HIV,US7655629
Non_AVP_0001,LNNSRA,6,,15845359
Non_AVP_0003,KPVSLS,6,,9545196
Non_AVP_0004,CRFFES,6,,9545196
Non_AVP_0005,SYRCPC,6,,9545196
Non_AVP_0006,RRKKAA,6,,21220525
Non_AVP_0007,RRKKAP,6,,21220525
Non_AVP_0008,NRGLAA,6,,8783807
Non_AVP_0009,HCKFWA,6,,US5578573
Non_AVP_0010,HCKFWD,6,,US5578573
Non_AVP_0012,HCKFWL,6,,US5578573
Non_AVP_0013,HCKFWT,6,,US5578573
Non_AVP_0016,GPGRAF,6,,7599121
Non_AVP_0017,GRRRRS,6,,15063486
Non_AVP_0018,RRWQWR,6,,15063486
Non_AVP_0019,KPVSLSY,7,,9545196
Non_AVP_0020,PCRFFES,7,,9545196
Non_AVP_0021,RRKKAAV,7,,21220525
Non_AVP_0022,RRKKLAP,7,,21220525
Non_AVP_0023,TSYHRSA,7,,21193836
Non_AVP_0026,RNMRKVR,7,,15063486
Non_AVP_0027,CIKRDSP,7,,15063486
Non_AVP_0028,KPVSLSYR,8,,9545196
Non_AVP_0029,CPCRFFES,8,,9545196
Non_AVP_0030,MENRWQVM,8,,9891983
Non_AVP_0031,IVWQVDRM,8,,9891983
Non_AVP_0032,RRKKAAVA,8,,21220525
Non_AVP_0033,RRKKLLAP,8,,21220525
Non_AVP_0034,RWRWRWRW,8,,20347875
Non_AVP_0037,KKKKKKKK,8,,7726486
Non_AVP_0038,LQMDDFELL,9,,15845359
Non_AVP_0039,KPVSLSYRC,9,,9545196
Non_AVP_0040,RCPCRFFES,9,,9545196
Non_AVP_0041,RRKKAAVAL,9,,21220525
Non_AVP_0042,RRKKALLAP,9,,21220525
Non_AVP_0043,CACIADHSH,9,,8970989
Non_AVP_0044,CTCIADHRH,9,,8970989
Non_AVP_0047,GRRRRSVQW,9,,15063486
Non_AVP_0048,TKCFQWQRN,9,,15063486
Non_AVP_0049,TGCFQWQRN,9,,15063486
Non_AVP_0051,TKCFGWGRN,9,,15063486
Non_AVP_0052,TKCFQWQGN,9,,15063486
Non_AVP_0053,KVLKVLKVL,9,,16878349
Non_AVP_0054,KPVSLSYRCP,10,,9545196
Non_AVP_0055,YRCPCRFFES,10,,9545196
Non_AVP_0056,SLSYRCPCRF,10,,9545196
Non_AVP_0057,RRKKAAVALL,10,,21220525
Non_AVP_0058,RRKKLALLAP,10,,21220525
Non_AVP_0059,RWRWRWRWRW,10,,20347875
Non_AVP_0061,AVSNPEATKC,10,,15063486
Non_AVP_0065,SLIGGLVSAFK,11,,21620914
Non_AVP_0068,RRKKAAVALLP,11,,US_2010_0041604
Non_AVP_0070,GRKKRRQRRRC,11,,17005658
Non_AVP_0071,IIYCNRRTGKC,11,,8577744
Non_AVP_0072,RRFPWWWPFRR,11,,15063486
Non_AVP_0073,LSYRCPCRFFES,12,,9545196
Non_AVP_0074,VSLSYRCPCRFF,12,,9545196
Non_AVP_0075,RRKKAAVALLPA,12,,21220525
Non_AVP_0076,SVSVGMKPSPRP,12,,21193836
Non_AVP_0077,SVSVGTKPRPRP,12,,21193836
Non_AVP_0078,SVSWGMKPSPRQ,12,,8661378
Non_AVP_0080,YCNRRTGKCQRM,12,,8577744
Non_AVP_0081,ILGTILGLLKSL,12,,P0C1R0
Non_AVP_0082,GENNELRLTRDAI,13,,16603508
Non_AVP_0083,YRCPCRFFESHVA,13,,9545196
Non_AVP_0084,PCRFFESHVARAN,13,,9545196
Non_AVP_0085,FFESHVARANVKH,13,,9545196
Non_AVP_0086,SHVARANVKHLKI,13,,9545196
Non_AVP_0087,ARANVKHLKILNT,13,,9545196
Non_AVP_0088,NVKHLKILNTPNC,13,,9545196
Non_AVP_0089,HLKILNTPNCALQ,13,,9545196
Non_AVP_0090,ILNTPNCALQIVA,13,,9545196
Non_AVP_0091,TPNCALQIVARLK,13,,9545196
Non_AVP_0092,CALQIVARLKNNN,13,,9545196
Non_AVP_0093,QIVARLKNNNRQV,13,,9545196
Non_AVP_0094,ARLKNNNRQVCID,13,,9545196
Non_AVP_0095,KNNNRQVCIDPKL,13,,9545196
Non_AVP_0096,NRQVCIDPKLKWI,13,,9545196
Non_AVP_0097,VCIDPKLKWIQEY,13,,9545196
Non_AVP_0098,DPKLKWIQEYLEK,13,,9545196
Non_AVP_0099,SLSYRCPCRFFES,13,,9545196
Non_AVP_0100,RIRTWKSLVKHHM,13,,9891983
Non_AVP_0101,RRKKAAVALLPAV,13,,21220525
Non_AVP_0102,EEDDLAVLLALLA,13,,US_2010_0041604
Non_AVP_0103,BBKKLAVAAALLA,13,,US_2010_0041604
Non_AVP_0104,BBKKLAVLLAAAA,13,,US_2010_0041604
Non_AVP_0106,VRRFPWWWPFLRR,13,,15063486
Non_AVP_0107,LLPIVGNLLNSLL,13,,P56919
Non_AVP_0108,VSLSYRCPCRFFES,14,,9545196
Non_AVP_0111,LDIVKKVVGAFGSL,14,,10951191
Non_AVP_0112,GLFDIVKKIAGHIA,14,,10951191
Non_AVP_0113,LKLKLKLKLKLKLK,14,,7726486
Non_AVP_0114,INWLKLGKAIIDAL,14,,P69436
Non_AVP_0115,SDDPKESEGDLHCVC,15,,20347875
Non_AVP_0116,KPVSLSYRCPCRFFE,15,,9545196
Non_AVP_0117,PVSLSYRCPCRFFES,15,,9545196
Non_AVP_0118,RRKKAAVALLPAVLL,15,,21220525
Non_AVP_0120,CVCVKTTSLVRPRHI,15,,20347875
Non_AVP_0122,GTPGVAAATQAANGG,15,,19104014
Non_AVP_0123,AAATQAANGGPATPA,15,,19104014
Non_AVP_0124,AANGGPATPAPPPLG,15,,19104014
Non_AVP_0125,PATPAPPPLGAAPTG,15,,19104014
Non_AVP_0126,PPPLGAAPTGDPKPK,15,,19104014
Non_AVP_0127,AAPTGDPKPKKNKKP,15,,19104014
Non_AVP_0128,DPKPKKNKKPKNPTP,15,,19104014
Non_AVP_0129,KNKKPKNPTPPRPAG,15,,19104014
Non_AVP_0130,KNPTPPRPAGDNATV,15,,19104014
Non_AVP_0131,PRPAGDNATVAAGHA,15,,19104014
Non_AVP_0132,DNATVAAGHATLREH,15,,19104014
Non_AVP_0133,AAGHATLREHLRDIK,15,,19104014
Non_AVP_0134,TLREHLRDIKAENTD,15,,19104014
Non_AVP_0135,LRDIKAENTDANFYV,15,,19104014
Non_AVP_0136,AENTDANFYVCPPPT,15,,19104014
Non_AVP_0137,ANFYVCPPPTGATVV,15,,19104014
Non_AVP_0138,CPPPTGATVVQFEQP,15,,19104014
Non_AVP_0139,GATVVQFEQPRRCPT,15,,19104014
Non_AVP_0140,QFEQPRRCPTRPEGQ,15,,19104014
Non_AVP_0141,RRCPTRPEGQNYTEG,15,,19104014
Non_AVP_0142,RPEGQNYTEGIAVVF,15,,19104014
Non_AVP_0143,NYTEGIAVVFKENIA,15,,19104014
Non_AVP_0144,IAVVFKENIAPYKFK,15,,19104014
Non_AVP_0145,KENIAPYKFKATMYY,15,,19104014
Non_AVP_0147,ATMYYKDVTVSQVWF,15,,19104014
Non_AVP_0148,KDVTVSQVWFGHRYS,15,,19104014
Non_AVP_0149,SQVWFGHRYSQFMGI,15,,19104014
Non_AVP_0150,GHRYSQFMGIFEDRA,15,,19104014
Non_AVP_0151,QFMGIFEDRAPVPFE,15,,19104014
Non_AVP_0152,FEDRAPVPFEEVIDK,15,,19104014
Non_AVP_0155,INAKGVCRSTAKYVR,15,,19104014
Non_AVP_0156,VCRSTAKYVRNNLET,15,,19104014
Non_AVP_0157,AKYVRNNLETTAFHR,15,,19104014
Non_AVP_0158,NNLETTAFHRDDHET,15,,19104014
Non_AVP_0159,TAFHRDDHETDMELK,15,,19104014
Non_AVP_0160,DDHETDMELKPANAA,15,,19104014
Non_AVP_0161,DMELKPANAATRTSR,15,,19104014
Non_AVP_0162,PANAATRTSRGWHTT,15,,19104014
Non_AVP_0163,TRTSRGWHTTDLKYN,15,,19104014
Non_AVP_0164,GWHTTDLKYNPSRVE,15,,19104014
Non_AVP_0166,PSRVEAFHRYGTTVN,15,,19104014
Non_AVP_0167,AFHRYGTTVNCIVEE,15,,19104014
Non_AVP_0168,GTTVNCIVEEVDARS,15,,19104014
Non_AVP_0169,CIVEEVDARSVYPYD,15,,19104014
Non_AVP_0170,VDARSVYPYDEFVLA,15,,19104014
Non_AVP_0171,VYPYDEFVLATGDFV,15,,19104014
Non_AVP_0172,EFVLATGDFVYMSPF,15,,19104014
Non_AVP_0173,TGDFVYMSPFYGYRE,15,,19104014
Non_AVP_0174,YMSPFYGYREGSHTE,15,,19104014
Non_AVP_0175,YGYREGSHTEHTTYA,15,,19104014
Non_AVP_0176,GSHTEHTTYAADRFK,15,,19104014
Non_AVP_0177,HTTYAADRFKQVDGF,15,,19104014
Non_AVP_0178,ADRFKQVDGFYARDL,15,,19104014
Non_AVP_0179,QVDGFYARDLTTKAR,15,,19104014
Non_AVP_0180,YARDLTTKARATAPT,15,,19104014
Non_AVP_0181,TTKARATAPTTRNLL,15,,19104014
Non_AVP_0182,ATAPTTRNLLTTPKF,15,,19104014
Non_AVP_0183,TRNLLTTPKFTVAWD,15,,19104014
Non_AVP_0184,TVAWDWVPKRPSVCT,15,,19104014
Non_AVP_0185,WVPKRPSVCTMTKWQ,15,,19104014
Non_AVP_0186,PSVCTMTKWQEVDEM,15,,19104014
Non_AVP_0187,MTKWQEVDEMLRSEY,15,,19104014
Non_AVP_0188,EVDEMLRSEYGGSFR,15,,19104014
Non_AVP_0189,LRSEYGGSFRFSSDA,15,,19104014
Non_AVP_0190,GGSFRFSSDAISTTF,15,,19104014
Non_AVP_0191,FSSDAISTTFTTNLT,15,,19104014
Non_AVP_0192,ISTTFTTNLTEYPLS,15,,19104014
Non_AVP_0193,TTNLTEYPLSRVDLG,15,,19104014
Non_AVP_0195,RVDLGDCIGKDARDA,15,,19104014
Non_AVP_0196,DCIGKDARDAMDRIF,15,,19104014
Non_AVP_0198,MDRIFARRYNATHIK,15,,19104014
Non_AVP_0199,ARRYNATHIKVGQPQ,15,,19104014
Non_AVP_0200,ATHIKVGQPQYYQAN,15,,19104014
Non_AVP_0201,YYQANGGFLIAYQPL,15,,19104014
Non_AVP_0202,GGFLIAYQPLLSNTL,15,,19104014
Non_AVP_0203,AYQPLLSNTLAELYV,15,,19104014
Non_AVP_0204,LSNTLAELYVREHLR,15,,19104014
Non_AVP_0205,AELYVREHLREQSRK,15,,19104014
Non_AVP_0206,REHLREQSRKPPNPT,15,,19104014
Non_AVP_0207,EQSRKPPNPTPPPPG,15,,19104014
Non_AVP_0208,PPNPTPPPPGASANA,15,,19104014
Non_AVP_0209,PPPPGASANASVERI,15,,19104014
Non_AVP_0210,ASANASVERIKTTSS,15,,19104014
Non_AVP_0211,SVERIKTTSSIEFAR,15,,19104014
Non_AVP_0212,LQFTYNHIQRHVNDM,15,,19104014
Non_AVP_0213,NHIQRHVNDMLGRVA,15,,19104014
Non_AVP_0215,LGRVAIAWCELQNHE,15,,19104014
Non_AVP_0216,IAWCELQNHELTLWN,15,,19104014
Non_AVP_0217,LQNHELTLWNEARKL,15,,19104014
Non_AVP_0218,LTLWNEARKLNPNAI,15,,19104014
Non_AVP_0219,EARKLNPNAIASVTV,15,,19104014
Non_AVP_0220,NPNAIASVTVGRRVS,15,,19104014
Non_AVP_0221,ASVTVGRRVSARMLG,15,,19104014
Non_AVP_0222,GRRVSARMLGDVMAV,15,,19104014
Non_AVP_0223,ARMLGDVMAVSTCVP,15,,19104014
Non_AVP_0224,DVMAVSTCVPVAADN,15,,19104014
Non_AVP_0225,STCVPVAADNVIVQN,15,,19104014
Non_AVP_0226,VIVQNSMRISSRPGA,15,,19104014
Non_AVP_0227,SMRISSRPGACYSRP,15,,19104014
Non_AVP_0228,SRPGACYSRPLVSFR,15,,19104014
Non_AVP_0229,CYSRPLVSFRYEDQG,15,,19104014
Non_AVP_0230,LVSFRYEDQGPLVEG,15,,19104014
Non_AVP_0231,YEDQGPLVEGQLGEN,15,,19104014
Non_AVP_0232,PLVEGQLGENNELRL,15,,19104014
Non_AVP_0233,QLGENNELRLTRDAI,15,,19104014
Non_AVP_0234,NELRLTRDAIEPCTV,15,,19104014
Non_AVP_0235,TRDAIEPCTVGHRRY,15,,19104014
Non_AVP_0236,EPCTVGHRRYFTFGG,15,,19104014
Non_AVP_0237,FTFGGGYVYFEEYAY,15,,19104014
Non_AVP_0238,GYVYFEEYAYSHQLS,15,,19104014
Non_AVP_0239,EEYAYSHQLSRADIT,15,,19104014
Non_AVP_0240,SHQLSRADITTVSTF,15,,19104014
Non_AVP_0241,RADITTVSTFIDLNI,15,,19104014
Non_AVP_0243,IDLNITMLEDHEFVP,15,,19104014
Non_AVP_0244,TMLEDHEFVPLEVYT,15,,19104014
Non_AVP_0246,RHEIKDSGLLDYTEV,15,,19104014
Non_AVP_0247,DSGLLDYTEVQRRNQ,15,,19104014
Non_AVP_0248,DYTEVQRRNQLHDLR,15,,19104014
Non_AVP_0249,QRRNQLHDLRFADID,15,,19104014
Non_AVP_0250,LHDLRFADIDTVIHA,15,,19104014
Non_AVP_0252,RHHYESPHPRISSEV,15,,9891983
Non_AVP_0253,ISSEVHIPLGDARLV,15,,9891983
Non_AVP_0254,YADHTGLVRDNMAKL,15,,21900723
Non_AVP_0255,GLVRDNMAKLRERLK,15,,21900723
Non_AVP_0257,RERLKQRQQLFDSQQ,15,,21900723
Non_AVP_0258,QRQQLFDSQQGWFEG,15,,21900723
Non_AVP_0259,FDSQQGWFEGWFNRS,15,,21900723
Non_AVP_0261,VGQPQYYLANGGFLI,15,,19104014
Non_AVP_0262,IEFARLQFTYNHIQR,15,,19104014
Non_AVP_0263,VAADNVIVQNSMRIS,15,,19104014
Non_AVP_0264,FDIVKKIAGHIAGSI,15,,10951191
Non_AVP_0266,FKCRRWQWRMKKAGA,15,,15063486
Non_AVP_0267,KPVSLSYRCPCRFFES,16,,9545196
Non_AVP_0268,ITTYWGLHTGERDWHL,16,,9891983
Non_AVP_0269,LGDARLVITTYWGLHT,16,,9891983
Non_AVP_0270,CKNKEKKCCKNKEKKC,16,,US_8017579
Non_AVP_0272,KKKKKKKKLLLLLLLL,16,,7726486
Non_AVP_0273,LKLKLKLKLKLKLKLK,16,,7726486
Non_AVP_0274,KKWWKAQKAVNSGPNA,16,,10085049
Non_AVP_0275,KKWWKAKKFANSGPNA,16,,10085049
Non_AVP_0276,RKVRGPPVSCIKRDSP,16,,15063486
Non_AVP_0277,IVSYPDDAGEHAHKMG,16,,P86129
Non_AVP_0278,LQLEARLQHLVAEILER,17,,16603508
Non_AVP_0279,LQARILAVERYLKDQQQ,17,,US6440656
Non_AVP_0281,RRKKAALLVLAALAVLA,17,,US_2010_0041604
Non_AVP_0282,RALVDTLKFVTQAEGAK,17,,US_8017579
Non_AVP_0284,LFGLIPSLIGGLVSAFK,17,,21620914
Non_AVP_0285,GICYCICGRGICRCICGR,18,,US7314858
Non_AVP_0286,GICICICGYGICRCICGR,18,,US7314858
Non_AVP_0287,GICICICGRGICYCICGR,18,,US7314858
Non_AVP_0288,LRKEKKRLLLRKEKKRLL,18,,US_8017579
Non_AVP_0289,VTDYGKDLMEKVKSPELQ,18,,US_8017579
Non_AVP_0290,VTDYGKDLMEKVKEWLNS,18,,US_8017579
Non_AVP_0291,NFHAMFQPFLEMIHEAQQ,18,,US_8017579
Non_AVP_0292,RGGRLTYTRPRFTVTVGR,18,,12379126
Non_AVP_0293,RGGRLAYCRRRFCVAVGRb,19,,10795591
Non_AVP_0294,RGGRLAYARRRFAVAVGRb,19,,10795591
Non_AVP_0295,VEGQLGENNELRLTRDAIE,19,,16603508
Non_AVP_0296,DVREEEQLGERATGLNLNI,19,,16603508
Non_AVP_0298,LQVAERLTRKYNELLKSYQ,19,,US_8017579
Non_AVP_0299,DSHAKRHHGYKRKFHEKHH,19,,10680938
Non_AVP_0300,KRWNETITGPSGCANNTCYN,20,,8661378
Non_AVP_0302,QIPLINYTFGPNQTCMWNTS,20,,8661378
Non_AVP_0303,GWWNQMAYYNSCKWEEAKVK,20,,8661378
Non_AVP_0304,GNTPNVSGANPVDCTMYSNK,20,,8661378
Non_AVP_0305,KIPLELWTRYNMTINQTIWN,20,,8661378
Non_AVP_0306,GLNGPDIYKGUYQFKSVEFD,20,,14734759
Non_AVP_0307,EGPTLGNGAREIWATLFKKA,20,,9600086
Non_AVP_0309,LKAKTNISIREGPTLGNWAR,20,,8661378
Non_AVP_0310,SGCANNTCYNVSVIVPDYQC,20,,8661378
Non_AVP_0311,YLDRVDTWLQGKINISLCLT,20,,8661378
Non_AVP_0312,GKINISLCLTGGKMLYNKVT,20,,8661378
Non_AVP_0313,GGKMLYNKVTKQLSYCTDPL,20,,8661378
Non_AVP_0315,PNQTCMWNTSQIQDPEIPKC,20,,8661378
Non_AVP_0316,QIQDPEIPKCGWWNQMAYYN,20,,8661378
Non_AVP_0317,KSKKVKISLPCNSTKNLTFA,20,,8661378
Non_AVP_0318,TGAWIEFGCHRNKSNLHTEA,20,,8661378
Non_AVP_0319,RNKSNLHTEARFRIRCRWNV,20,,8661378
Non_AVP_0321,PVDCTMYSNKMYNCSLQNGF,20,,8661378
Non_AVP_0323,NIAGNWSCTSDLPSSWGYMN,20,,8661378
Non_AVP_0324,FLYTAFAMQELGCNQNQFFC,20,,8661378
Non_AVP_0326,NMTINQTIWNHGNITLGEWY,20,,8661378
Non_AVP_0327,TLVDCIRNCIHKILGYTVIA,20,,8661378
Non_AVP_0329,MPEVEGEEIQPQMELRRNGR,20,,8661378
Non_AVP_0330,PQMELRRNGRQCGMSEKEEE,20,,8661378
Non_AVP_0331,RRKKLAALPLVLAAPLAVLA,20,,19395056
Non_AVP_0332,FKLPLGINITNFRAILTAFS,20,,US 7491489
Non_AVP_0333,VLYNSTFFSTFKCYGVSATK,20,,US 7491489
Non_AVP_0334,PALNCYWPLNDYGFYTTSGI,20,,US 7491489
Non_AVP_0335,RDVSDFTDSVRDPKTSEILD,20,,US 7491489
Non_AVP_0336,SNNTIAIPTNFSISITTEVM,20,,US 7491489
Non_AVP_0337,GIGVTQNVLYENQKQIANQF,20,,US 7491489
Non_AVP_0338,CRANGSRIPTGERVWDRGNV,20,,21543477
Non_AVP_0339,ANGSRIPTGERVWDRGNVTL,20,,21543477
Non_AVP_0340,GSRIPTGERVWDRGNVTLLC,20,,21543477
Non_AVP_0341,GAPASVLGSRPFDYGLKWQS,20,,21543477
Non_AVP_0342,PFDYGLKWQSCSCRANGSRI,20,,21543477
Non_AVP_0343,CSCRANGSRIPTGERVWDRG,20,,21543477
Non_AVP_0344,QAVGWGDPITHWSHGQNQWP,20,,21543477
Non_AVP_0345,HWSHGQNQWPLSCPQYVYGS,20,,21543477
Non_AVP_0346,LSCPQYVYGSVSVTCVWGSV,20,,21543477
Non_AVP_0347,VSVTCVWGSVSWFASTGGRD,20,,21543477
Non_AVP_0348,SWFASTGGRDSKIDVWSLVP,20,,21543477
Non_AVP_0349,SKIDVWSLVPVGSASCTIAA,20,,21543477
Non_AVP_0350,VGSASCTIAALGSSDRDTVV,20,,21543477
Non_AVP_0351,LGSSDRDTVVELSEWGVPCV,20,,21543477
Non_AVP_0352,ELSEWGVPCVTCILDRRPAS,20,,21543477
Non_AVP_0353,TCILDRRPASCGTCVRDCWP,20,,21543477
Non_AVP_0354,CGTCVRDCWPETGSVRFPFH,20,,21543477
Non_AVP_0355,ETGSVRFPFHRCGTGPRLTK,20,,21543477
Non_AVP_0356,RCGTGPRLTKDLEAVPFVNR,20,,21543477
Non_AVP_0357,DLEAVPFVNRTTPFTIRGPL,20,,21543477
Non_AVP_0358,TTPFTIRGPLGNQGRGNPVR,20,,21543477
Non_AVP_0359,GNQGRGNPVRSPLGFGSYTM,20,,21543477
Non_AVP_0361,TKIRDSLHLVKCPTPAIEPP,20,,21543477
Non_AVP_0362,KCPTPAIEPPTGTFGFFPGV,20,,21543477
Non_AVP_0363,TGTFGFFPGVPPINNCMPLG,20,,21543477
Non_AVP_0364,PPINNCMPLGTEVSEALGGA,20,,21543477
Non_AVP_0365,TEVSEALGGAGLTGGFYEPL,20,,21543477
Non_AVP_0366,GLTGGFYEPLVRRCSELMGR,20,,21543477
Non_AVP_0367,VRRCSELMGRRNPVCPGYAW,20,,21543477
Non_AVP_0368,RNPVCPGYAWLSSGRPDGFI,20,,21543478
Non_AVP_0369,LSSGRPDGFIHVQGHLQEVD,20,,21543479
Non_AVP_0373,WALRWALRWALRWALRWALR,20,,16878349
Non_AVP_0374,GLLGSIGNAIGAFIANKLKP,20,,P84267
Non_AVP_0375,GLLASLGKVLGGYLAEKLKP,20,,P84269
Non_AVP_0376,FIQYLAPLIPHAVKAISDLI,20,,P0C011
Non_AVP_0377,VRNRVIARVGGVPYVGGPCYN,21,,16878349
Non_AVP_0378,KLAKKLAKLAKKLAKLAKKLA,21,,11906603
Non_AVP_0380,GLLGSIGNAIGAFIANKLKPK,21,,P84268
Non_AVP_0381,GLLGSIGKVLGGYLAEKLKPK,21,,P84270
Non_AVP_0382,GLLASLGKVLGGYLAEKLKPK,21,,P84271
Non_AVP_0384,GFMKYIGPLIPHAVKAISDLI,21,,P0C010
Non_AVP_0385,PPLVVPVEESEIIFWDCWAPEE,22,,8661378
Non_AVP_0386,IFWDCWAPEEPACQDFLGAMIH,22,,8661378
Non_AVP_0387,CKWEEAKVKFHCQRTQSQPGSW,22,,8661378
Non_AVP_0388,FHCQRTQSQPGSWFRAISSWKQ,22,,8661378
Non_AVP_0389,GSWFRAISSWKQRNRWEWRPDF,22,,8661378
Non_AVP_0390,CTSDLPSSWGYMNCNCTNSSSS,22,,8661378
Non_AVP_0391,GIGKFLKKAKKFGKAFVKILKK,22,,10795591
Non_AVP_0393,PLGEEMRDRARAHVDALRTHLA,22,,US_8017579
Non_AVP_0394,PYSDELRQRLAARLEALKENGG,22,,US_8017579
Non_AVP_0395,ARLAEYHAKATEHLSTLSEKAK,22,,US_8017579
Non_AVP_0396,PVLDEFREKLNEELEALKQKMK,22,,US_8017579
Non_AVP_0397,VFQFLGKIIHHVGNFVHGFSHVF,23,,10795591
Non_AVP_0398,KQRNRWEWRPDFKSKKVKISLPC,23,,8661378
Non_AVP_0399,KCRRWQWRMKKLGAPSITCVRRA,23,,14670583
Non_AVP_0400,GLLQTIKEKLKEFAGGVVTGVQS,23,,10951191
Non_AVP_0401,GLIQTIKEKLKELAGGLVTGIQS,23,,P82397
Non_AVP_0403,GLLQTITEKLKEFAGGLVTGVQS,23,,P82399
Non_AVP_0404,GLLQTIKEKLKELATGLVIGVQS,23,,P69027
Non_AVP_0405,GLWQLIKDKIKDAATGFVTGIQS,23,,P84264
Non_AVP_0406,GLWQLIKDKLKDAATGFVTGIQS,23,,P84265
Non_AVP_0407,GLWQLIKDKFKDAATGFVTGIQS,23,,P84266
Non_AVP_0408,VFQFLGKIIHHVGNFVHGFSHVFb,24,,10795591
Non_AVP_0409,AQLLESVLQEERILALHAQARERLT,25,,15890943
Non_AVP_0410,CGRCLQRACCKYCRLKCRLILFVIF,25,,15220414
Non_AVP_0411,KQRQQLFDSQQGWFEGWFNRSPWFT,25,,21900723
Non_AVP_0412,GLLDIVTGLLGNLIVDVLKPKTPAS,25,,P69029
Non_AVP_0414,FLEGFLVPKVVPGPTAALLKKALDD,25,,P85507
Non_AVP_0415,CVTCKSTVLCDKMQHPCRRGPRCISC,26,,15220414
Non_AVP_0416,KWKSFIKKLTSAAKKVVTTAKPLISS,26,,10569762
Non_AVP_0418,INASVVNIQKEIDRLNEVAKNLNESLIDL,29,,15184046
Non_AVP_0419,TAAGDARANAVAKAGLHDLNIETDTERNH,29,,16603508
Non_AVP_0420,VVNIQKEIDRLNEVAKNLNESLIDLQELGK,30,,15184046
Non_AVP_0421,WCNWHNIDPWIQLMNRTQADLAEGPPVKEC,30,,21400206
Non_AVP_0422,VPTHLATDVELKEIQGMMDASEGTNYTCCK,30,,21400206
Non_AVP_0423,TTVKVHASDERLGPMPCRPKEIVSSAGPVM,30,,21400206
Non_AVP_0425,VKQCRWCGFDFDGPDGLPHYPIGKCILANE,30,,21400206
Non_AVP_0427,DPTARLQLEARLQHLVAEILEREQSLALHA,30,,15890943
Non_AVP_0428,VEDTLYGDHECGSLLQDAALYLVDGMTNTI,30,,21400206
Non_AVP_0429,SWLSKTAKKLENSAKKRISEGIAIAIQGGPR,31,,10795591
Non_AVP_0430,IDRLNEVAKNLNESLIDLQELGKYEQYIKWPW,32,,15184046
Non_AVP_0431,INASVVNIQKEIDRLNEVAKNLNESLIDLQELGK,34,,15184046
Non_AVP_0432,DITLNNSVALDPIDISIELNKAKSDLEESKEWIR,34,,US6440656
Non_AVP_0433,VALDPIDISIELNKAKSDLEESKEWIRRSNQKLD,34,,US6440656
Non_AVP_0434,GINASVVNIQKEIDRLNEVAKNLNESLIDLQELGK,35,,15184046
Non_AVP_0435,ITIELSNIKENKCNGTDAKVKLIKQELDKYKNAVT,35,,US6440656
Non_AVP_0436,TIELSNIKENKCNGTDAKVKLIKQELDKYKNAVTE,35,,US6440656
Non_AVP_0437,IELSNIKENKCNGTDAKVKLIKQELDKYKNAVTEL,35,,US6440656
Non_AVP_0439,LSNIKENKCNGTDAKVKLIKQELDKYKNAVTELQL,35,,US6440656
Non_AVP_0440,SNIKENKCNGTDAKVKLIKQELDKYKNAVTELQLL,35,,US6440656
Non_AVP_0441,NIKENKCNGTDAKVKLIKQELDKYKNAVTELQLLM,35,,US6440656
Non_AVP_0442,IKENKCNGTDAKVKLIKQELDKYKNAVTELQLLMQ,35,,US6440656
Non_AVP_0443,KENKCNGTDAKVKLIKQELDKYKNAVTELQLLMQS,35,,US6440656
Non_AVP_0444,ENKCNGTDAKVKLIKQELDKYKNAVTELQLLMQST,35,,US6440656
Non_AVP_0445,YTPNDITLNNSVALDPIDISIELNKAKSDLEESKE,35,,US6440656
Non_AVP_0446,TPNDITLNNSVALDPIDISIELNKAKSDLEESKEW,35,,US6440656
Non_AVP_0448,NDITLNNSVALDPIDISIELNKAKSDLEESKEWIR,35,,US6440656
Non_AVP_0449,IDRLITGRLQSLQTYVTQQLIRAAEIRASANLAATK,36,,15184046
Non_AVP_0450,IQKEIDRLNEVAKNLNESLIDLQELGKYEQYIKWPW,36,,15184046
Non_AVP_0451,YQFHLVLHEALRAQALSRQLILGRELAQELVAELAT,36,,16603508
Non_AVP_0452,SSESFTLLEQWNNWKLQLAEQWLEQINEKHYLEDIS,36,,US6440656
Non_AVP_0453,ISGINASVVNIQKEIDRLNEVAKNLNESLIDLQELGK,37,,15184046
Non_AVP_0454,RSLEGTDRFPFVRLKNSRKLEFKDIKGIKREQFVKIL,37,,16020269
Non_AVP_0455,KWKLFKKIEKVGQNIRDGIIKAGPAVAVVGQATQIAKb,38,,10795591
Non_AVP_0456,ALNTLVKQLSSNFGAISSVLNDILSRLDKVEAEVQIDRL,39,,15184046
Non_AVP_0457,QPELDSFKEELDKYFKNHTSPDVDLGDISGINASVVNIQ,39,,15184046
Non_AVP_0458,INASVVNIQKEIDRLNEVAKNLNESLIDLQELGKYEQYI,39,,15184046
Non_AVP_0459,VVNIQKEIDRLNEVAKNLNESLIDLQELGKYEQYIKWPW,39,,15184046
Non_AVP_0460,FNKAISQIQESLTTTSTALGKLQDVVNQNAQALNTLVKQL,40,,15184046
Non_AVP_0461,YVTQQLIRAAEIRASANLAATKMSECVLGQSKRVDFCGKG,40,,15184046
Non_AVP_0462,LDKYFKNHTSPDVDLGDISGINASVVNIQKEIDRLNEVAK,40,,15184046
Non_AVP_0466,VYDPLQPELDSFKEELDKYFKNHTSPDVDLGDISGINASVV,41,,15184046
Non_AVP_0467,FKNHTSPDVDLGDISGINASVVNIQKEIDRLNEVAKNLNES,41,,15184046
Non_AVP_0468,HATCSLAFALATSVALATRNDLLLRWAAARDAQTILSKRDR,41,,16603508
Non_AVP_0469,SFKEELDKYFKNHTSPDVDLGDISGINASVVNIQKEIDRLNE,42,,15184046
Non_AVP_0471,TWLATRGLLRSPGRYVYFSPSASTWPVGIWTTGELVLGCDAAL,43,,18572274
Non_AVP_0472,ISGINASVVNIQKEIDRLNEVAKNLNESLIDLQELGKYEQYIKWPW,46,,15184046
Non_AVP_0473,MFTLKKSLLLLFFLGTINLSLCEEERNAEEERRDEPDE,59,,P79876
Non-AVP_0002,KDCIIK,6,,15845359
Non-AVP_0011,HCKFWQ,6,,US5578573
Non-AVP_0050,TKCGQWQRN,9,,15063486
Non-AVP_0062,KPVSLSYRCPC,11,,9545196
Non-AVP_0063,RRKKLLALLAP,11,,21220525
Non-AVP_0064,CATCIADHRSH,11,,8970989
Non-AVP_0066,KKLAVLLALLA,11,,US_2010_0041604
Non-AVP_0109,RRKKAAVALLPAVL,14,,21220525
Non-AVP_0121,APTSPGTPGVAAATQ,15,,19104014
Non-AVP_0146,PYKFKATMYYKDVTV,15,,19104014
Non-AVP_0153,PVPFEEVIDKINAKG,15,,19104014
Non-AVP_0154,EVIDKINAKGVCRST,15,,19104014
Non-AVP_0165,DLKYNPSRVEAFHRY,15,,19104014
Non-AVP_0194,EYPLSRVDLGDCIGK,15,,19104014
Non-AVP_0197,DARDAMDRIFARRYN,15,,19104014
Non-AVP_0214,HVNDMLGRVAIAWCE,15,,19104014
Non-AVP_0242,TVSTFIDLNITMLED,15,,19104014
Non-AVP_0245,LEVYTRHEIKDSGLL,15,,19104014
Non-AVP_0251,FADIDTVIHADANAA,15,,19104014
Non-AVP_0256,NMAKLRERLKQRQQL,15,,21900723
Non-AVP_0265,FKCRRWQARMKKLGA,15,,15063486
Non-AVP_0271,KFMETVAEKALQEYRK,16,,US_8017579
Non-AVP_0297,RGGRLCYARRRFAVCVGRb,19,,10795591
Non-AVP_0301,VSVIVPDYQCYLDRVDTWLQ,20,,8661378
Non-AVP_0308,EGPTLGNWAREIGATLFKKA,20,,9600086
Non-AVP_0314,KQLSYCTDPLQIPLINYTFG,20,,8661378
Non-AVP_0320,GSDTSLIDTCGNTPNVSGAN,20,,8661378
Non-AVP_0322,FNMTKAVEMVNIAGNWSCTS,20,,8661378
Non-AVP_0325,LGCNQNQFFCKIPLELWTRY,20,,8661378
Non-AVP_0328,HKILGYTVIAMPEVEGEEIQ,20,,8661378
Non-AVP_0360,SPLGFGSYTMTKIRDSLHLV,20,,21543477
Non-AVP_0372,RVGGRVGGRVGGRVGGRVGG,20,,16878349
Non-AVP_0379,KAAKKAAKAAKKAAKAAKKAA,21,,11906603
Non-AVP_0383,GLLASLGKVFGGYLAEKLKPK,21,,P84272
Non-AVP_0392,PYLDDFQKKWQEEMELYRQKVE,22,,US_8017579
Non-AVP_0413,GLVSSIGKALGGLLADVVKSKGQPA,25,,P69032
Non-AVP_0417,KKKSFIKLLTSAKVSVLTTAKPLISS,26,,10569762
Non-AVP_0424,ELLFDGTNPSTEEMGDDFRSGLCPFDTSPV,30,,21400206
Non-AVP_0426,TLKNRYYEPRDSYFQQYMLKGEYQYWFDLD,30,,21400206
Non-AVP_0438,ELSNIKENKCNGTDAKVKLIKQELDKYKNAVTELQ,35,,US6440656
Non-AVP_0447,PNDITLNNSVALDPIDISIELNKAKSDLEESKEWI,35,,US6440656
Non-AVP_0463,PDVDLGDISGINASVVNIQKEIDRLNEVAKNLNESLIDLQ,40,,15184046
Non-AVP_0464,GDISGINASVVNIQKEIDRLNEVAKNLNESLIDLQELGKY,40,,15184046
Non-AVP_0465,RLTGLLATSGFAFVNAAHANGAVCLSDLLGFLAHSRALAG,40,,18572274
Non-AVP_0470,INASVVNIQKEIDRLNEVAKNLNESLIDLQELGKYEQYIKWPW,43,,15184046
