Peptide sequence (one letter code),N-terminus,C-terminus,SMILES format,Substrate,Kcat/KM (M-1 s-1),Secondary Structure/Self-Assembly,Mechanism,DOI
IHVHLQI,Acetylated,Amidated,CC[C@H](C)[C@H](N)C(=O)N[C@@H](Cc1c[nH]cn1)C(=O)N[C@H](C(=O)N[C@@H](Cc1c[nH]cn1)C(=O)N[C@@H](CC(C)C)C(=O)N[C@@H](CCC(N)=O)C(=O)N[C@H](C(=O)O)[C@@H](C)CC)C(C)C,p-NPA,127.7,Beta-sheet/Nanofibers,Zn2+ dependent,10.1016/j.jcis.2022.04.122
IHVHLQI,Acetylated,Amidated,CC[C@H](C)[C@H](N)C(=O)N[C@@H](Cc1c[nH]cn1)C(=O)N[C@H](C(=O)N[C@@H](Cc1c[nH]cn1)C(=O)N[C@@H](CC(C)C)C(=O)N[C@@H](CCC(N)=O)C(=O)N[C@H](C(=O)O)[C@@H](C)CC)C(C)C,p-NPB,127.71,Beta-sheet/Nanofibers,Zn2+ dependent,10.1016/j.jcis.2022.04.122
IHVHLQI,Acetylated,Amidated,CC[C@H](C)[C@H](N)C(=O)N[C@@H](Cc1c[nH]cn1)C(=O)N[C@H](C(=O)N[C@@H](Cc1c[nH]cn1)C(=O)N[C@@H](CC(C)C)C(=O)N[C@@H](CCC(N)=O)C(=O)N[C@H](C(=O)O)[C@@H](C)CC)C(C)C,p-NPH,n/a,Beta-sheet/Nanofibers,Zn2+ dependent,10.1016/j.jcis.2022.04.122
IHVHLQI,Acetylated,Amidated,CC[C@H](C)[C@H](N)C(=O)N[C@@H](Cc1c[nH]cn1)C(=O)N[C@H](C(=O)N[C@@H](Cc1c[nH]cn1)C(=O)N[C@@H](CC(C)C)C(=O)N[C@@H](CCC(N)=O)C(=O)N[C@H](C(=O)O)[C@@H](C)CC)C(C)C,p-NPO,n/a,Beta-sheet/Nanofibers,Zn2+ dependent,10.1016/j.jcis.2022.04.122
IHVHLQI,Acetylated,Amidated,CC[C@H](C)[C@H](N)C(=O)N[C@@H](Cc1c[nH]cn1)C(=O)N[C@H](C(=O)N[C@@H](Cc1c[nH]cn1)C(=O)N[C@@H](CC(C)C)C(=O)N[C@@H](CCC(N)=O)C(=O)N[C@H](C(=O)O)[C@@H](C)CC)C(C)C,p-NPS,n/a,Beta-sheet/Nanofibers,Zn2+ dependent,10.1016/j.jcis.2022.04.122
PPWPPHPPPPPGY,Acetylated,Amidated,O=C(CNC(=O)[C@@H]1CCCN1C(=O)[C@@H]1CCCN1C(=O)[C@@H]1CCCN1C(=O)[C@@H]1CCCN1C(=O)[C@@H]1CCCN1C(=O)[C@H](Cc1c[nH]cn1)NC(=O)[C@@H]1CCCN1C(=O)[C@@H]1CCCN1C(=O)[C@H](Cc1c[nH]c2ccccc12)NC(=O)[C@@H]1CCCN1C(=O)[C@@H]1CCCN1)N[C@@H](Cc1ccc(O)cc1)C(=O)O,p-NPA,0.6,left-handed helix,Catalytic triad residues,10.1021/acsomega.7b00928
PPHPPHPPPPPGY,Acetylated,Amidated,O=C(CNC(=O)[C@@H]1CCCN1C(=O)[C@@H]1CCCN1C(=O)[C@@H]1CCCN1C(=O)[C@@H]1CCCN1C(=O)[C@@H]1CCCN1C(=O)[C@H](Cc1c[nH]cn1)NC(=O)[C@@H]1CCCN1C(=O)[C@@H]1CCCN1C(=O)[C@H](Cc1c[nH]cn1)NC(=O)[C@@H]1CCCN1C(=O)[C@@H]1CCCN1)N[C@@H](Cc1ccc(O)cc1)C(=O)O,p-NPA,0.56,left-handed helix,Catalytic triad residues,10.1021/acsomega.7b00928
PPSPPHPPPPPGY,Acetylated,Amidated,O=C(CNC(=O)[C@@H]1CCCN1C(=O)[C@@H]1CCCN1C(=O)[C@@H]1CCCN1C(=O)[C@@H]1CCCN1C(=O)[C@@H]1CCCN1C(=O)[C@H](Cc1c[nH]cn1)NC(=O)[C@@H]1CCCN1C(=O)[C@@H]1CCCN1C(=O)[C@H](CO)NC(=O)[C@@H]1CCCN1C(=O)[C@@H]1CCCN1)N[C@@H](Cc1ccc(O)cc1)C(=O)O,p-NPA,0.56,left-handed helix,Catalytic triad residues,10.1021/acsomega.7b00928
PPSPPHPPDPPGY,Acetylated,Amidated,O=C(O)C[C@H](NC(=O)[C@@H]1CCCN1C(=O)[C@@H]1CCCN1C(=O)[C@H](Cc1c[nH]cn1)NC(=O)[C@@H]1CCCN1C(=O)[C@@H]1CCCN1C(=O)[C@H](CO)NC(=O)[C@@H]1CCCN1C(=O)[C@@H]1CCCN1)C(=O)N1CCC[C@H]1C(=O)N1CCC[C@H]1C(=O)NCC(=O)N[C@@H](Cc1ccc(O)cc1)C(=O)O,p-NPA,0.46,left-handed helix,Catalytic triad residues,10.1021/acsomega.7b00928
PPCPPHPPDPPGY,Acetylated,Amidated,O=C(O)C[C@H](NC(=O)[C@@H]1CCCN1C(=O)[C@@H]1CCCN1C(=O)[C@H](Cc1c[nH]cn1)NC(=O)[C@@H]1CCCN1C(=O)[C@@H]1CCCN1C(=O)[C@H](CS)NC(=O)[C@@H]1CCCN1C(=O)[C@@H]1CCCN1)C(=O)N1CCC[C@H]1C(=O)N1CCC[C@H]1C(=O)NCC(=O)N[C@@H](Cc1ccc(O)cc1)C(=O)O,p-NPA,0.43,left-handed helix,Catalytic triad residues,10.1021/acsomega.7b00928
PPPPPHPPPPPGY,Acetylated,Amidated,O=C(CNC(=O)[C@@H]1CCCN1C(=O)[C@@H]1CCCN1C(=O)[C@@H]1CCCN1C(=O)[C@@H]1CCCN1C(=O)[C@@H]1CCCN1C(=O)[C@H](Cc1c[nH]cn1)NC(=O)[C@@H]1CCCN1C(=O)[C@@H]1CCCN1C(=O)[C@@H]1CCCN1C(=O)[C@@H]1CCCN1C(=O)[C@@H]1CCCN1)N[C@@H](Cc1ccc(O)cc1)C(=O)O,p-NPA,0.39,left-handed helix,Catalytic triad residues,10.1021/acsomega.7b00928
GSPLAQQIKNIHSFIHQAKAAGRMDEVRTLQENLHQLMHEYFQQSD,Free,Free,CC[C@H](C)[C@H](NC(=O)[C@H](CCC(N)=O)NC(=O)[C@H](CCC(N)=O)NC(=O)[C@H](C)NC(=O)[C@H](CC(C)C)NC(=O)[C@@H]1CCCN1C(=O)[C@H](CO)NC(=O)CN)C(=O)N[C@@H](CCCCN)C(=O)N[C@@H](CC(N)=O)C(=O)N[C@H](C(=O)N[C@@H](Cc1c[nH]cn1)C(=O)N[C@@H](CO)C(=O)N[C@@H](Cc1ccccc1)C(=O)N[C@H](C(=O)N[C@@H](Cc1c[nH]cn1)C(=O)N[C@@H](CCC(N)=O)C(=O)N[C@@H](C)C(=O)N[C@@H](CCCCN)C(=O)N[C@@H](C)C(=O)N[C@@H](C)C(=O)NCC(=O)N[C@@H](CCCNC(=N)N)C(=O)N[C@@H](CCSC)C(=O)N[C@@H](CC(=O)O)C(=O)N[C@@H](CCC(=O)O)C(=O)N[C@H](C(=O)N[C@@H](CCCNC(=N)N)C(=O)N[C@H](C(=O)N[C@@H](CC(C)C)C(=O)N[C@@H](CCC(N)=O)C(=O)N[C@@H](CCC(=O)O)C(=O)N[C@@H](CC(N)=O)C(=O)N[C@@H](CC(C)C)C(=O)N[C@@H](Cc1c[nH]cn1)C(=O)N[C@@H](CCC(N)=O)C(=O)N[C@@H](CC(C)C)C(=O)N[C@@H](CCSC)C(=O)N[C@@H](Cc1c[nH]cn1)C(=O)N[C@@H](CCC(=O)O)C(=O)N[C@@H](Cc1ccc(O)cc1)C(=O)N[C@@H](Cc1ccccc1)C(=O)N[C@@H](CCC(N)=O)C(=O)N[C@@H](CCC(N)=O)C(=O)N[C@@H](CO)C(=O)N[C@@H](CC(=O)O)C(=O)O)[C@@H](C)O)C(C)C)[C@@H](C)CC)[C@@H](C)CC,p-NPA,660,Helix-turn-helix,Zn2+ dependent,10.1021/bi201881p
DDAHVHWE,Free,Free,CC(C)[C@H](NC(=O)[C@H](Cc1c[nH]cn1)NC(=O)[C@H](C)NC(=O)[C@H](CC(=O)O)NC(=O)[C@@H](N)CC(=O)O)C(=O)N[C@@H](Cc1c[nH]cn1)C(=O)N[C@@H](Cc1c[nH]c2ccccc12)C(=O)N[C@@H](CCC(=O)O)C(=O)O,p-NPA,535,Alfa-helix,Zn2+ dependent,10.1021/ja506346f
DDAHVHWE,Free,Free,CC(C)[C@H](NC(=O)[C@H](Cc1c[nH]cn1)NC(=O)[C@H](C)NC(=O)[C@H](CC(=O)O)NC(=O)[C@@H](N)CC(=O)O)C(=O)N[C@@H](Cc1c[nH]cn1)C(=O)N[C@@H](Cc1c[nH]c2ccccc12)C(=O)N[C@@H](CCC(=O)O)C(=O)O,p-NPB,282,Alfa-helix,Zn2+ dependent,10.1021/ja506346f
DDAHVHWE,Free,Free,CC(C)[C@H](NC(=O)[C@H](Cc1c[nH]cn1)NC(=O)[C@H](C)NC(=O)[C@H](CC(=O)O)NC(=O)[C@@H](N)CC(=O)O)C(=O)N[C@@H](Cc1c[nH]cn1)C(=O)N[C@@H](Cc1c[nH]c2ccccc12)C(=O)N[C@@H](CCC(=O)O)C(=O)O,p-NPPropionate,8.92,Alfa-helix,Zn2+ dependent,10.1021/ja506346f
DDAHVHWE,Free,Free,CC(C)[C@H](NC(=O)[C@H](Cc1c[nH]cn1)NC(=O)[C@H](C)NC(=O)[C@H](CC(=O)O)NC(=O)[C@@H](N)CC(=O)O)C(=O)N[C@@H](Cc1c[nH]cn1)C(=O)N[C@@H](Cc1c[nH]c2ccccc12)C(=O)N[C@@H](CCC(=O)O)C(=O)O,p-NPPalmitate,5.89,Alfa-helix,Zn2+ dependent,10.1021/ja506346f
DDAHVHWE,Free,Free,CC(C)[C@H](NC(=O)[C@H](Cc1c[nH]cn1)NC(=O)[C@H](C)NC(=O)[C@H](CC(=O)O)NC(=O)[C@@H](N)CC(=O)O)C(=O)N[C@@H](Cc1c[nH]cn1)C(=O)N[C@@H](Cc1c[nH]c2ccccc12)C(=O)N[C@@H](CCC(=O)O)C(=O)O,Indoxyl Acetate,3.13,Alfa-helix,Zn2+ dependent,10.1021/ja506346f
HSGQQKFQFQFEQQ,Free,Amidated,NCCCC[C@H](NC(=O)[C@H](CCC(N)=O)NC(=O)[C@H](CCC(N)=O)NC(=O)CNC(=O)[C@H](CO)NC(=O)[C@@H](N)Cc1c[nH]cn1)C(=O)N[C@@H](Cc1ccccc1)C(=O)N[C@@H](CCC(N)=O)C(=O)N[C@@H](Cc1ccccc1)C(=O)N[C@@H](CCC(N)=O)C(=O)N[C@@H](Cc1ccccc1)C(=O)N[C@@H](CCC(=O)O)C(=O)N[C@@H](CCC(N)=O)C(=O)N[C@@H](CCC(N)=O)C(=O)O,p-NPA,0.15,Beta-sheet/Nanofibers,Catalytic triad residues,10.1021/nn5051344
RSGQQKFQFQFEQQ,Free,Amidated,N=C(N)NCCC[C@H](N)C(=O)N[C@@H](CO)C(=O)NCC(=O)N[C@@H](CCC(N)=O)C(=O)N[C@@H](CCC(N)=O)C(=O)N[C@@H](CCCCN)C(=O)N[C@@H](Cc1ccccc1)C(=O)N[C@@H](CCC(N)=O)C(=O)N[C@@H](Cc1ccccc1)C(=O)N[C@@H](CCC(N)=O)C(=O)N[C@@H](Cc1ccccc1)C(=O)N[C@@H](CCC(=O)O)C(=O)N[C@@H](CCC(N)=O)C(=O)N[C@@H](CCC(N)=O)C(=O)O,p-NPA,0.15,Beta-sheet/Nanofibers,Catalytic triad residues,10.1021/nn5051344
HSGQQKFQFQFEQQ,Free,Amidated,NCCCC[C@H](NC(=O)[C@H](CCC(N)=O)NC(=O)[C@H](CCC(N)=O)NC(=O)CNC(=O)[C@H](CO)NC(=O)[C@@H](N)Cc1c[nH]cn1)C(=O)N[C@@H](Cc1ccccc1)C(=O)N[C@@H](CCC(N)=O)C(=O)N[C@@H](Cc1ccccc1)C(=O)N[C@@H](CCC(N)=O)C(=O)N[C@@H](Cc1ccccc1)C(=O)N[C@@H](CCC(=O)O)C(=O)N[C@@H](CCC(N)=O)C(=O)N[C@@H](CCC(N)=O)C(=O)O,p-NPA,0.09,Beta-sheet/Nanofibers,Catalytic triad residues,10.1021/nn5051344
GLKALEEKCKALEEKLKALEEKHKALEEKG,Acetylated,Amidated,CC(C)C[C@H](NC(=O)CN)C(=O)N[C@@H](CCCCN)C(=O)N[C@@H](C)C(=O)N[C@@H](CC(C)C)C(=O)N[C@@H](CCC(=O)O)C(=O)N[C@@H](CCC(=O)O)C(=O)N[C@@H](CCCCN)C(=O)N[C@@H](CS)C(=O)N[C@@H](CCCCN)C(=O)N[C@@H](C)C(=O)N[C@@H](CC(C)C)C(=O)N[C@@H](CCC(=O)O)C(=O)N[C@@H](CCC(=O)O)C(=O)N[C@@H](CCCCN)C(=O)N[C@@H](CC(C)C)C(=O)N[C@@H](CCCCN)C(=O)N[C@@H](C)C(=O)N[C@@H](CC(C)C)C(=O)N[C@@H](CCC(=O)O)C(=O)N[C@@H](CCC(=O)O)C(=O)N[C@@H](CCCCN)C(=O)N[C@@H](Cc1c[nH]cn1)C(=O)N[C@@H](CCCCN)C(=O)N[C@@H](C)C(=O)N[C@@H](CC(C)C)C(=O)N[C@@H](CCC(=O)O)C(=O)N[C@@H](CCC(=O)O)C(=O)N[C@@H](CCCCN)C(=O)NCC(=O)O,p-NPA,23.3,Three-helix bundles,Zn2+ dependent,10.1038/NCHEM.1201
IHIHIQI,Acetylated,Amidated,CC[C@H](C)[C@H](N)C(=O)N[C@@H](Cc1c[nH]cn1)C(=O)N[C@H](C(=O)N[C@@H](Cc1c[nH]cn1)C(=O)N[C@H](C(=O)N[C@@H](CCC(N)=O)C(=O)N[C@H](C(=O)O)[C@@H](C)CC)[C@@H](C)CC)[C@@H](C)CC,p-NPA,62,Beta-sheet/Amiloid-like structures,Zn2+ dependent,10.1038/nchem.1894
IHIHIQI,Acetylated,Amidated,CC[C@H](C)[C@H](N)C(=O)N[C@@H](Cc1c[nH]cn1)C(=O)N[C@H](C(=O)N[C@@H](Cc1c[nH]cn1)C(=O)N[C@H](C(=O)N[C@@H](CCC(N)=O)C(=O)N[C@H](C(=O)O)[C@@H](C)CC)[C@@H](C)CC)[C@@H](C)CC,p-NPB,70.99,Beta-sheet/Amiloid-like structures,Zn2+ dependent,10.1016/j.jcis.2022.04.122
IHIHIQI,Acetylated,Amidated,CC[C@H](C)[C@H](N)C(=O)N[C@@H](Cc1c[nH]cn1)C(=O)N[C@H](C(=O)N[C@@H](Cc1c[nH]cn1)C(=O)N[C@H](C(=O)N[C@@H](CCC(N)=O)C(=O)N[C@H](C(=O)O)[C@@H](C)CC)[C@@H](C)CC)[C@@H](C)CC,p-NPH,n/a,Beta-sheet/Amiloid-like structures,Zn2+ dependent,10.1016/j.jcis.2022.04.122
IHIHIQI,Acetylated,Amidated,CC[C@H](C)[C@H](N)C(=O)N[C@@H](Cc1c[nH]cn1)C(=O)N[C@H](C(=O)N[C@@H](Cc1c[nH]cn1)C(=O)N[C@H](C(=O)N[C@@H](CCC(N)=O)C(=O)N[C@H](C(=O)O)[C@@H](C)CC)[C@@H](C)CC)[C@@H](C)CC,p-NPO,n/a,Beta-sheet/Amiloid-like structures,Zn2+ dependent,10.1016/j.jcis.2022.04.122
IHIHIQI,Acetylated,Amidated,CC[C@H](C)[C@H](N)C(=O)N[C@@H](Cc1c[nH]cn1)C(=O)N[C@H](C(=O)N[C@@H](Cc1c[nH]cn1)C(=O)N[C@H](C(=O)N[C@@H](CCC(N)=O)C(=O)N[C@H](C(=O)O)[C@@H](C)CC)[C@@H](C)CC)[C@@H](C)CC,p-NPS,n/a,Beta-sheet/Amiloid-like structures,Zn2+ dependent,10.1016/j.jcis.2022.04.122
VHVHVQV,Acetylated,Amidated,CC(C)[C@H](N)C(=O)N[C@@H](Cc1c[nH]cn1)C(=O)N[C@H](C(=O)N[C@@H](Cc1c[nH]cn1)C(=O)N[C@H](C(=O)N[C@@H](CCC(N)=O)C(=O)N[C@H](C(=O)O)C(C)C)C(C)C)C(C)C,p-NPA,32,Beta-sheet/Amiloid-like structures,Zn2+ dependent,10.1038/nchem.1894
LHLHLQL,Acetylated,Amidated,CC(C)C[C@H](NC(=O)[C@H](CCC(N)=O)NC(=O)[C@H](CC(C)C)NC(=O)[C@H](Cc1c[nH]cn1)NC(=O)[C@H](CC(C)C)NC(=O)[C@H](Cc1c[nH]cn1)NC(=O)[C@@H](N)CC(C)C)C(=O)O,p-NPA,30,Beta-sheet/Amiloid-like structures,Zn2+ dependent,10.1038/nchem.1894
VHVHVRV,Acetylated,Amidated,CC(C)[C@H](N)C(=O)N[C@@H](Cc1c[nH]cn1)C(=O)N[C@H](C(=O)N[C@@H](Cc1c[nH]cn1)C(=O)N[C@H](C(=O)N[C@@H](CCCNC(=N)N)C(=O)N[C@H](C(=O)O)C(C)C)C(C)C)C(C)C,p-NPA,26,Beta-sheet/Amiloid-like structures,Zn2+ dependent,10.1038/nchem.1894
IHIHIRI,Acetylated,Amidated,CC[C@H](C)[C@H](N)C(=O)N[C@@H](Cc1c[nH]cn1)C(=O)N[C@H](C(=O)N[C@@H](Cc1c[nH]cn1)C(=O)N[C@H](C(=O)N[C@@H](CCCNC(=N)N)C(=O)N[C@H](C(=O)O)[C@@H](C)CC)[C@@H](C)CC)[C@@H](C)CC,p-NPA,22,Beta-sheet/Amiloid-like structures,Zn2+ dependent,10.1038/nchem.1894
LHLHLRL,Acetylated,Amidated,CC(C)C[C@H](NC(=O)[C@H](CCCNC(=N)N)NC(=O)[C@H](CC(C)C)NC(=O)[C@H](Cc1c[nH]cn1)NC(=O)[C@H](CC(C)C)NC(=O)[C@H](Cc1c[nH]cn1)NC(=O)[C@@H](N)CC(C)C)C(=O)O,p-NPA,18,Beta-sheet/Amiloid-like structures,Zn2+ dependent,10.1038/nchem.1894
LHLHLYL,Acetylated,Amidated,CC(C)C[C@H](NC(=O)[C@H](Cc1ccc(O)cc1)NC(=O)[C@H](CC(C)C)NC(=O)[C@H](Cc1c[nH]cn1)NC(=O)[C@H](CC(C)C)NC(=O)[C@H](Cc1c[nH]cn1)NC(=O)[C@@H](N)CC(C)C)C(=O)O,p-NPA,13,Beta-sheet/Amiloid-like structures,Zn2+ dependent,10.1038/nchem.1894
LHLHLKL,Acetylated,Amidated,CC(C)C[C@H](NC(=O)[C@H](CCCCN)NC(=O)[C@H](CC(C)C)NC(=O)[C@H](Cc1c[nH]cn1)NC(=O)[C@H](CC(C)C)NC(=O)[C@H](Cc1c[nH]cn1)NC(=O)[C@@H](N)CC(C)C)C(=O)O,p-NPA,12,Beta-sheet/Amiloid-like structures,Zn2+ dependent,10.1038/nchem.1894
IHIHIQI,Free,Free,CC[C@H](C)[C@H](N)C(=O)N[C@@H](Cc1c[nH]cn1)C(=O)N[C@H](C(=O)N[C@@H](Cc1c[nH]cn1)C(=O)N[C@H](C(=O)N[C@@H](CCC(N)=O)C(=O)N[C@H](C(=O)O)[C@@H](C)CC)[C@@H](C)CC)[C@@H](C)CC,p-NPA,1,Beta-sheet/Amiloid-like structures,Zn2+ dependent,10.1038/nchem.1894
LHLHLHL,Acetylated,Amidated,CC(C)C[C@H](NC(=O)[C@H](Cc1c[nH]cn1)NC(=O)[C@H](CC(C)C)NC(=O)[C@H](Cc1c[nH]cn1)NC(=O)[C@H](CC(C)C)NC(=O)[C@H](Cc1c[nH]cn1)NC(=O)[C@@H](N)CC(C)C)C(=O)O,p-NPA,0.6,Beta-sheet/Amiloid-like structures,Zn2+ dependent,10.1038/nchem.1894
IAIHIRI,Acetylated,Amidated,CC[C@H](C)[C@H](N)C(=O)N[C@@H](C)C(=O)N[C@H](C(=O)N[C@@H](Cc1c[nH]cn1)C(=O)N[C@H](C(=O)N[C@@H](CCCNC(=N)N)C(=O)N[C@H](C(=O)O)[C@@H](C)CC)[C@@H](C)CC)[C@@H](C)CC,p-NPA,0.36,Beta-sheet/Amiloid-like structures,Zn2+ dependent,10.1038/nchem.1894
LHLHLDL,Acetylated,Amidated,CC(C)C[C@H](NC(=O)[C@H](CC(=O)O)NC(=O)[C@H](CC(C)C)NC(=O)[C@H](Cc1c[nH]cn1)NC(=O)[C@H](CC(C)C)NC(=O)[C@H](Cc1c[nH]cn1)NC(=O)[C@@H](N)CC(C)C)C(=O)O,p-NPA,0.2,Beta-sheet/Amiloid-like structures,Zn2+ dependent,10.1038/nchem.1894
LHLHLEL,Acetylated,Amidated,CC(C)C[C@H](NC(=O)[C@H](CCC(=O)O)NC(=O)[C@H](CC(C)C)NC(=O)[C@H](Cc1c[nH]cn1)NC(=O)[C@H](CC(C)C)NC(=O)[C@H](Cc1c[nH]cn1)NC(=O)[C@@H](N)CC(C)C)C(=O)O,p-NPA,< 0.2,Beta-sheet/Amiloid-like structures,Zn2+ dependent,10.1038/nchem.1894
IHIAIRI,Acetylated,Amidated,CC[C@H](C)[C@H](N)C(=O)N[C@@H](Cc1c[nH]cn1)C(=O)N[C@H](C(=O)N[C@@H](C)C(=O)N[C@H](C(=O)N[C@@H](CCCNC(=N)N)C(=O)N[C@H](C(=O)O)[C@@H](C)CC)[C@@H](C)CC)[C@@H](C)CC,p-NPA,0.2,Beta-sheet/Amiloid-like structures,Zn2+ dependent,10.1038/nchem.1894
AHAHARA,Acetylated,Amidated,C[C@H](N)C(=O)N[C@@H](Cc1c[nH]cn1)C(=O)N[C@@H](C)C(=O)N[C@@H](Cc1c[nH]cn1)C(=O)N[C@@H](C)C(=O)N[C@@H](CCCNC(=N)N)C(=O)N[C@@H](C)C(=O)O,p-NPA,0.12,Beta-sheet/Amiloid-like structures,Zn2+ dependent,10.1038/nchem.1894
APLEPEYPGDNATPEQMHQHQLRRYINML,Acetylated,Amidated,CC[C@H](C)[C@H](NC(=O)[C@H](Cc1ccc(O)cc1)NC(=O)[C@H](CCCNC(=N)N)NC(=O)[C@H](CCCNC(=N)N)NC(=O)[C@H](CC(C)C)NC(=O)[C@H](CCC(N)=O)NC(=O)[C@H](Cc1c[nH]cn1)NC(=O)[C@H](CCC(N)=O)NC(=O)[C@H](Cc1c[nH]cn1)NC(=O)[C@H](CCSC)NC(=O)[C@H](CCC(N)=O)NC(=O)[C@H](CCC(=O)O)NC(=O)[C@@H]1CCCN1C(=O)[C@@H](NC(=O)[C@H](C)NC(=O)[C@H](CC(N)=O)NC(=O)[C@H](CC(=O)O)NC(=O)CNC(=O)[C@@H]1CCCN1C(=O)[C@H](Cc1ccc(O)cc1)NC(=O)[C@H](CCC(=O)O)NC(=O)[C@@H]1CCCN1C(=O)[C@H](CCC(=O)O)NC(=O)[C@H](CC(C)C)NC(=O)[C@@H]1CCCN1C(=O)[C@H](C)N)[C@@H](C)O)C(=O)N[C@@H](CC(N)=O)C(=O)N[C@@H](CCSC)C(=O)N[C@@H](CC(C)C)C(=O)O,p-NPA,14,Alfa-helix,Histidine,10.1039/b404730c
APLEPEYPGDNATPEQMHQHQLRRYINML,Acetylated,Amidated,CC[C@H](C)[C@H](NC(=O)[C@H](Cc1ccc(O)cc1)NC(=O)[C@H](CCCNC(=N)N)NC(=O)[C@H](CCCNC(=N)N)NC(=O)[C@H](CC(C)C)NC(=O)[C@H](CCC(N)=O)NC(=O)[C@H](Cc1c[nH]cn1)NC(=O)[C@H](CCC(N)=O)NC(=O)[C@H](Cc1c[nH]cn1)NC(=O)[C@H](CCSC)NC(=O)[C@H](CCC(N)=O)NC(=O)[C@H](CCC(=O)O)NC(=O)[C@@H]1CCCN1C(=O)[C@@H](NC(=O)[C@H](C)NC(=O)[C@H](CC(N)=O)NC(=O)[C@H](CC(=O)O)NC(=O)CNC(=O)[C@@H]1CCCN1C(=O)[C@H](Cc1ccc(O)cc1)NC(=O)[C@H](CCC(=O)O)NC(=O)[C@@H]1CCCN1C(=O)[C@H](CCC(=O)O)NC(=O)[C@H](CC(C)C)NC(=O)[C@@H]1CCCN1C(=O)[C@H](C)N)[C@@H](C)O)C(=O)N[C@@H](CC(N)=O)C(=O)N[C@@H](CCSC)C(=O)N[C@@H](CC(C)C)C(=O)O,p-NPF,17,Alfa-helix,Histidine,10.1039/b404730c
IHIHIYI,Acetylated,Amidated,CC[C@H](C)[C@H](N)C(=O)N[C@@H](Cc1c[nH]cn1)C(=O)N[C@H](C(=O)N[C@@H](Cc1c[nH]cn1)C(=O)N[C@H](C(=O)N[C@@H](Cc1ccc(O)cc1)C(=O)N[C@H](C(=O)O)[C@@H](C)CC)[C@@H](C)CC)[C@@H](C)CC,p-NPA,355,Beta-sheet/Amiloid-like structures,Zn2+ dependent,10.1016/j.jcis.2022.04.122
IHIHIYI,Acetylated,Amidated,CC[C@H](C)[C@H](N)C(=O)N[C@@H](Cc1c[nH]cn1)C(=O)N[C@H](C(=O)N[C@@H](Cc1c[nH]cn1)C(=O)N[C@H](C(=O)N[C@@H](Cc1ccc(O)cc1)C(=O)N[C@H](C(=O)O)[C@@H](C)CC)[C@@H](C)CC)[C@@H](C)CC,p-NPB,47.42,Beta-sheet/Amiloid-like structures,Zn2+ dependent,10.1016/j.jcis.2022.04.122
IHIHIYI,Acetylated,Amidated,CC[C@H](C)[C@H](N)C(=O)N[C@@H](Cc1c[nH]cn1)C(=O)N[C@H](C(=O)N[C@@H](Cc1c[nH]cn1)C(=O)N[C@H](C(=O)N[C@@H](Cc1ccc(O)cc1)C(=O)N[C@H](C(=O)O)[C@@H](C)CC)[C@@H](C)CC)[C@@H](C)CC,p-NPH,n/a,Beta-sheet/Amiloid-like structures,Zn2+ dependent,10.1016/j.jcis.2022.04.122
IHIHIYI,Acetylated,Amidated,CC[C@H](C)[C@H](N)C(=O)N[C@@H](Cc1c[nH]cn1)C(=O)N[C@H](C(=O)N[C@@H](Cc1c[nH]cn1)C(=O)N[C@H](C(=O)N[C@@H](Cc1ccc(O)cc1)C(=O)N[C@H](C(=O)O)[C@@H](C)CC)[C@@H](C)CC)[C@@H](C)CC,p-NPO,n/a,Beta-sheet/Amiloid-like structures,Zn2+ dependent,10.1016/j.jcis.2022.04.122
IHIHIYI,Acetylated,Amidated,CC[C@H](C)[C@H](N)C(=O)N[C@@H](Cc1c[nH]cn1)C(=O)N[C@H](C(=O)N[C@@H](Cc1c[nH]cn1)C(=O)N[C@H](C(=O)N[C@@H](Cc1ccc(O)cc1)C(=O)N[C@H](C(=O)O)[C@@H](C)CC)[C@@H](C)CC)[C@@H](C)CC,p-NPS,n/a,Beta-sheet/Amiloid-like structures,Zn2+ dependent,10.1016/j.jcis.2022.04.122
IHIHIYIHIHI,Acetylated,Amidated,CC[C@H](C)[C@H](N)C(=O)N[C@@H](Cc1c[nH]cn1)C(=O)N[C@H](C(=O)N[C@@H](Cc1c[nH]cn1)C(=O)N[C@H](C(=O)N[C@@H](Cc1ccc(O)cc1)C(=O)N[C@H](C(=O)N[C@@H](Cc1c[nH]cn1)C(=O)N[C@H](C(=O)N[C@@H](Cc1c[nH]cn1)C(=O)N[C@H](C(=O)O)[C@@H](C)CC)[C@@H](C)CC)[C@@H](C)CC)[C@@H](C)CC)[C@@H](C)CC,p-NPA,89,Beta-sheet/Amiloid-like structures,Zn2+ dependent,10.1039/C7NR02675G
IHIHGYGHIHI,Acetylated,Amidated,CC[C@H](C)[C@H](N)C(=O)N[C@@H](Cc1c[nH]cn1)C(=O)N[C@H](C(=O)N[C@@H](Cc1c[nH]cn1)C(=O)NCC(=O)N[C@@H](Cc1ccc(O)cc1)C(=O)NCC(=O)N[C@@H](Cc1c[nH]cn1)C(=O)N[C@H](C(=O)N[C@@H](Cc1c[nH]cn1)C(=O)N[C@H](C(=O)O)[C@@H](C)CC)[C@@H](C)CC)[C@@H](C)CC,p-NPA,62,Beta-sheet/Amiloid-like structures,Zn2+ dependent,10.1039/C7NR02675G
IHIHIYI,Free,Free,CC[C@H](C)[C@H](N)C(=O)N[C@@H](Cc1c[nH]cn1)C(=O)N[C@H](C(=O)N[C@@H](Cc1c[nH]cn1)C(=O)N[C@H](C(=O)N[C@@H](Cc1ccc(O)cc1)C(=O)N[C@H](C(=O)O)[C@@H](C)CC)[C@@H](C)CC)[C@@H](C)CC,p-NPA,0,Beta-sheet/Amiloid-like structures,/,10.1039/C7NR02675G
IHIHIYIHIHI,Free,Free,CC[C@H](C)[C@H](N)C(=O)N[C@@H](Cc1c[nH]cn1)C(=O)N[C@H](C(=O)N[C@@H](Cc1c[nH]cn1)C(=O)N[C@H](C(=O)N[C@@H](Cc1ccc(O)cc1)C(=O)N[C@H](C(=O)N[C@@H](Cc1c[nH]cn1)C(=O)N[C@H](C(=O)N[C@@H](Cc1c[nH]cn1)C(=O)N[C@H](C(=O)O)[C@@H](C)CC)[C@@H](C)CC)[C@@H](C)CC)[C@@H](C)CC)[C@@H](C)CC,p-NPA,0,Beta-sheet/Amiloid-like structures,/,10.1039/C7NR02675G
IHIHDYI,Acetylated,Amidated,CC[C@H](C)[C@H](N)C(=O)N[C@@H](Cc1c[nH]cn1)C(=O)N[C@H](C(=O)N[C@@H](Cc1c[nH]cn1)C(=O)N[C@@H](CC(=O)O)C(=O)N[C@@H](Cc1ccc(O)cc1)C(=O)N[C@H](C(=O)O)[C@@H](C)CC)[C@@H](C)CC,p-NPA,0,Beta-sheet/Amiloid-like structures,/,10.1039/C7NR02675G
YVHVHVAV,Acetylated,Amidated,CC(C)[C@H](NC(=O)[C@H](C)NC(=O)[C@@H](NC(=O)[C@H](Cc1c[nH]cn1)NC(=O)[C@@H](NC(=O)[C@H](Cc1c[nH]cn1)NC(=O)[C@@H](NC(=O)[C@@H](N)Cc1ccc(O)cc1)C(C)C)C(C)C)C(C)C)C(=O)O,p-NPA,7.38,Beta-sheet/Amiloid-like structures,Zn2+ dependent,10.1371/journal.pone.0143948
YVHVHVSV,Acetylated,Amidated,CC(C)[C@H](NC(=O)[C@H](CO)NC(=O)[C@@H](NC(=O)[C@H](Cc1c[nH]cn1)NC(=O)[C@@H](NC(=O)[C@H](Cc1c[nH]cn1)NC(=O)[C@@H](NC(=O)[C@@H](N)Cc1ccc(O)cc1)C(C)C)C(C)C)C(C)C)C(=O)O,p-NPA,6.29,Beta-sheet/Amiloid-like structures,Zn2+ dependent,10.1371/journal.pone.0143948
YVAVHVHV,Acetylated,Amidated,CC(C)[C@H](NC(=O)[C@H](Cc1c[nH]cn1)NC(=O)[C@@H](NC(=O)[C@H](Cc1c[nH]cn1)NC(=O)[C@@H](NC(=O)[C@H](C)NC(=O)[C@@H](NC(=O)[C@@H](N)Cc1ccc(O)cc1)C(C)C)C(C)C)C(C)C)C(=O)O,p-NPA,4.26,Beta-sheet/Amiloid-like structures,Zn2+ dependent,10.1371/journal.pone.0143948
YVHVHVHV,Acetylated,Amidated,CC(C)[C@H](NC(=O)[C@H](Cc1c[nH]cn1)NC(=O)[C@@H](NC(=O)[C@H](Cc1c[nH]cn1)NC(=O)[C@@H](NC(=O)[C@H](Cc1c[nH]cn1)NC(=O)[C@@H](NC(=O)[C@@H](N)Cc1ccc(O)cc1)C(C)C)C(C)C)C(C)C)C(=O)O,p-NPA,2288,Beta-sheet/Amiloid-like structures,Zn2+ dependent,10.1371/journal.pone.0143948
YVSVHVHV,Acetylated,Amidated,CC(C)[C@H](NC(=O)[C@H](Cc1c[nH]cn1)NC(=O)[C@@H](NC(=O)[C@H](Cc1c[nH]cn1)NC(=O)[C@@H](NC(=O)[C@H](CO)NC(=O)[C@@H](NC(=O)[C@@H](N)Cc1ccc(O)cc1)C(C)C)C(C)C)C(C)C)C(=O)O,p-NPA,1461,Beta-sheet/Amiloid-like structures,Zn2+ dependent,10.1371/journal.pone.0143948
YVHVSVHV,Acetylated,Amidated,CC(C)[C@H](NC(=O)[C@H](Cc1c[nH]cn1)NC(=O)[C@@H](NC(=O)[C@H](CO)NC(=O)[C@@H](NC(=O)[C@H](Cc1c[nH]cn1)NC(=O)[C@@H](NC(=O)[C@@H](N)Cc1ccc(O)cc1)C(C)C)C(C)C)C(C)C)C(=O)O,p-NPA,172,Beta-sheet/Amiloid-like structures,Zn2+ dependent,10.1371/journal.pone.0143948
HGH,Acetylated,Amidated,N[C@@H](Cc1c[nH]cn1)C(=O)NCC(=O)N[C@@H](Cc1c[nH]cn1)C(=O)O,p-NPA,41,Beta-sheet/Amiloid-like structures,Histidine,10.1371/journal.pone.0143948
YVDVHVHV,Acetylated,Amidated,CC(C)[C@H](NC(=O)[C@H](Cc1c[nH]cn1)NC(=O)[C@@H](NC(=O)[C@H](Cc1c[nH]cn1)NC(=O)[C@@H](NC(=O)[C@H](CC(=O)O)NC(=O)[C@@H](NC(=O)[C@@H](N)Cc1ccc(O)cc1)C(C)C)C(C)C)C(C)C)C(=O)O,p-NPA,0.0061456,Beta-sheet/Amiloid-like structures,Histidine,10.1371/journal.pone.0143948
YVHVHVDV,Acetylated,Amidated,CC(C)[C@H](NC(=O)[C@H](CC(=O)O)NC(=O)[C@@H](NC(=O)[C@H](Cc1c[nH]cn1)NC(=O)[C@@H](NC(=O)[C@H](Cc1c[nH]cn1)NC(=O)[C@@H](NC(=O)[C@@H](N)Cc1ccc(O)cc1)C(C)C)C(C)C)C(C)C)C(=O)O,p-NPA,473,Beta-sheet/Amiloid-like structures,Zn2+ dependent,10.1371/journal.pone.0143948
YVHVAVHV,Acetylated,Amidated,CC(C)[C@H](NC(=O)[C@H](Cc1c[nH]cn1)NC(=O)[C@@H](NC(=O)[C@H](C)NC(=O)[C@@H](NC(=O)[C@H](Cc1c[nH]cn1)NC(=O)[C@@H](NC(=O)[C@@H](N)Cc1ccc(O)cc1)C(C)C)C(C)C)C(C)C)C(=O)O,p-NPA,215,Beta-sheet/Amiloid-like structures,Zn2+ dependent,10.1371/journal.pone.0143948
YVDVDVDV,Acetylated,Amidated,CC(C)[C@H](NC(=O)[C@H](CC(=O)O)NC(=O)[C@@H](NC(=O)[C@H](CC(=O)O)NC(=O)[C@@H](NC(=O)[C@H](CC(=O)O)NC(=O)[C@@H](NC(=O)[C@@H](N)Cc1ccc(O)cc1)C(C)C)C(C)C)C(C)C)C(=O)O,p-NPA,0,Beta-sheet/Amiloid-like structures,/,10.1371/journal.pone.0143948
YVSVDVDV,Acetylated,Amidated,CC(C)[C@H](NC(=O)[C@H](CC(=O)O)NC(=O)[C@@H](NC(=O)[C@H](CC(=O)O)NC(=O)[C@@H](NC(=O)[C@H](CO)NC(=O)[C@@H](NC(=O)[C@@H](N)Cc1ccc(O)cc1)C(C)C)C(C)C)C(C)C)C(=O)O,p-NPA,0,Beta-sheet/Amiloid-like structures,/,10.1371/journal.pone.0143948
YVDVSVDV,Acetylated,Amidated,CC(C)[C@H](NC(=O)[C@H](CC(=O)O)NC(=O)[C@@H](NC(=O)[C@H](CO)NC(=O)[C@@H](NC(=O)[C@H](CC(=O)O)NC(=O)[C@@H](NC(=O)[C@@H](N)Cc1ccc(O)cc1)C(C)C)C(C)C)C(C)C)C(=O)O,p-NPA,0,Beta-sheet/Amiloid-like structures,/,10.1371/journal.pone.0143948
YVDVDVSV,Acetylated,Amidated,CC(C)[C@H](NC(=O)[C@H](CO)NC(=O)[C@@H](NC(=O)[C@H](CC(=O)O)NC(=O)[C@@H](NC(=O)[C@H](CC(=O)O)NC(=O)[C@@H](NC(=O)[C@@H](N)Cc1ccc(O)cc1)C(C)C)C(C)C)C(C)C)C(=O)O,p-NPA,0,Beta-sheet/Amiloid-like structures,/,10.1371/journal.pone.0143948
YVSVSVDV,Acetylated,Amidated,CC(C)[C@H](NC(=O)[C@H](CC(=O)O)NC(=O)[C@@H](NC(=O)[C@H](CO)NC(=O)[C@@H](NC(=O)[C@H](CO)NC(=O)[C@@H](NC(=O)[C@@H](N)Cc1ccc(O)cc1)C(C)C)C(C)C)C(C)C)C(=O)O,p-NPA,0,Beta-sheet/Amiloid-like structures,/,10.1371/journal.pone.0143948
YVSVDVSV,Acetylated,Amidated,CC(C)[C@H](NC(=O)[C@H](CO)NC(=O)[C@@H](NC(=O)[C@H](CC(=O)O)NC(=O)[C@@H](NC(=O)[C@H](CO)NC(=O)[C@@H](NC(=O)[C@@H](N)Cc1ccc(O)cc1)C(C)C)C(C)C)C(C)C)C(=O)O,p-NPA,0,Beta-sheet/Amiloid-like structures,/,10.1371/journal.pone.0143948
YVDVSVSV,Acetylated,Amidated,CC(C)[C@H](NC(=O)[C@H](CO)NC(=O)[C@@H](NC(=O)[C@H](CO)NC(=O)[C@@H](NC(=O)[C@H](CC(=O)O)NC(=O)[C@@H](NC(=O)[C@@H](N)Cc1ccc(O)cc1)C(C)C)C(C)C)C(C)C)C(=O)O,p-NPA,0,Beta-sheet/Amiloid-like structures,/,10.1371/journal.pone.0143948
YVSVHVSV,Acetylated,Amidated,CC(C)[C@H](NC(=O)[C@H](CO)NC(=O)[C@@H](NC(=O)[C@H](Cc1c[nH]cn1)NC(=O)[C@@H](NC(=O)[C@H](CO)NC(=O)[C@@H](NC(=O)[C@@H](N)Cc1ccc(O)cc1)C(C)C)C(C)C)C(C)C)C(=O)O,p-NPA,0,Beta-sheet/Amiloid-like structures,/,10.1371/journal.pone.0143948
YVHVSVSV,Acetylated,Amidated,CC(C)[C@H](NC(=O)[C@H](CO)NC(=O)[C@@H](NC(=O)[C@H](CO)NC(=O)[C@@H](NC(=O)[C@H](Cc1c[nH]cn1)NC(=O)[C@@H](NC(=O)[C@@H](N)Cc1ccc(O)cc1)C(C)C)C(C)C)C(C)C)C(=O)O,p-NPA,0,Beta-sheet/Amiloid-like structures,/,10.1371/journal.pone.0143948
YVDVHVSV,Acetylated,Amidated,CC(C)[C@H](NC(=O)[C@H](CO)NC(=O)[C@@H](NC(=O)[C@H](Cc1c[nH]cn1)NC(=O)[C@@H](NC(=O)[C@H](CC(=O)O)NC(=O)[C@@H](NC(=O)[C@@H](N)Cc1ccc(O)cc1)C(C)C)C(C)C)C(C)C)C(=O)O,p-NPA,0,Beta-sheet/Amiloid-like structures,/,10.1371/journal.pone.0143948
YVDVSVHV,Acetylated,Amidated,CC(C)[C@H](NC(=O)[C@H](Cc1c[nH]cn1)NC(=O)[C@@H](NC(=O)[C@H](CO)NC(=O)[C@@H](NC(=O)[C@H](CC(=O)O)NC(=O)[C@@H](NC(=O)[C@@H](N)Cc1ccc(O)cc1)C(C)C)C(C)C)C(C)C)C(=O)O,p-NPA,0,Beta-sheet/Amiloid-like structures,/,10.1371/journal.pone.0143948
YVHVDVSV,Acetylated,Amidated,CC(C)[C@H](NC(=O)[C@H](CO)NC(=O)[C@@H](NC(=O)[C@H](CC(=O)O)NC(=O)[C@@H](NC(=O)[C@H](Cc1c[nH]cn1)NC(=O)[C@@H](NC(=O)[C@@H](N)Cc1ccc(O)cc1)C(C)C)C(C)C)C(C)C)C(=O)O,p-NPA,0,Beta-sheet/Amiloid-like structures,/,10.1371/journal.pone.0143948
YVSVDVHV,Acetylated,Amidated,CC(C)[C@H](NC(=O)[C@H](Cc1c[nH]cn1)NC(=O)[C@@H](NC(=O)[C@H](CC(=O)O)NC(=O)[C@@H](NC(=O)[C@H](CO)NC(=O)[C@@H](NC(=O)[C@@H](N)Cc1ccc(O)cc1)C(C)C)C(C)C)C(C)C)C(=O)O,p-NPA,0,Beta-sheet/Amiloid-like structures,/,10.1371/journal.pone.0143948
YVSVHVDV,Acetylated,Amidated,CC(C)[C@H](NC(=O)[C@H](CC(=O)O)NC(=O)[C@@H](NC(=O)[C@H](Cc1c[nH]cn1)NC(=O)[C@@H](NC(=O)[C@H](CO)NC(=O)[C@@H](NC(=O)[C@@H](N)Cc1ccc(O)cc1)C(C)C)C(C)C)C(C)C)C(=O)O,p-NPA,0,Beta-sheet/Amiloid-like structures,/,10.1371/journal.pone.0143948
YVHVSVDV,Acetylated,Amidated,CC(C)[C@H](NC(=O)[C@H](CC(=O)O)NC(=O)[C@@H](NC(=O)[C@H](CO)NC(=O)[C@@H](NC(=O)[C@H](Cc1c[nH]cn1)NC(=O)[C@@H](NC(=O)[C@@H](N)Cc1ccc(O)cc1)C(C)C)C(C)C)C(C)C)C(=O)O,p-NPA,0,Beta-sheet/Amiloid-like structures,/,10.1371/journal.pone.0143948
YVHVDVHV,Acetylated,Amidated,CC(C)[C@H](NC(=O)[C@H](Cc1c[nH]cn1)NC(=O)[C@@H](NC(=O)[C@H](CC(=O)O)NC(=O)[C@@H](NC(=O)[C@H](Cc1c[nH]cn1)NC(=O)[C@@H](NC(=O)[C@@H](N)Cc1ccc(O)cc1)C(C)C)C(C)C)C(C)C)C(=O)O,p-NPA,0,Beta-sheet/Amiloid-like structures,/,10.1371/journal.pone.0143948
YVDVDVHV,Acetylated,Amidated,CC(C)[C@H](NC(=O)[C@H](Cc1c[nH]cn1)NC(=O)[C@@H](NC(=O)[C@H](CC(=O)O)NC(=O)[C@@H](NC(=O)[C@H](CC(=O)O)NC(=O)[C@@H](NC(=O)[C@@H](N)Cc1ccc(O)cc1)C(C)C)C(C)C)C(C)C)C(=O)O,p-NPA,0,Beta-sheet/Amiloid-like structures,/,10.1371/journal.pone.0143948
YVDVHVDV,Acetylated,Amidated,CC(C)[C@H](NC(=O)[C@H](CC(=O)O)NC(=O)[C@@H](NC(=O)[C@H](Cc1c[nH]cn1)NC(=O)[C@@H](NC(=O)[C@H](CC(=O)O)NC(=O)[C@@H](NC(=O)[C@@H](N)Cc1ccc(O)cc1)C(C)C)C(C)C)C(C)C)C(=O)O,p-NPA,0,Beta-sheet/Amiloid-like structures,/,10.1371/journal.pone.0143948
YVHVDVDV,Acetylated,Amidated,CC(C)[C@H](NC(=O)[C@H](CC(=O)O)NC(=O)[C@@H](NC(=O)[C@H](CC(=O)O)NC(=O)[C@@H](NC(=O)[C@H](Cc1c[nH]cn1)NC(=O)[C@@H](NC(=O)[C@@H](N)Cc1ccc(O)cc1)C(C)C)C(C)C)C(C)C)C(=O)O,p-NPA,0,Beta-sheet/Amiloid-like structures,/,10.1371/journal.pone.0143948
YVDVHVAV,Acetylated,Amidated,CC(C)[C@H](NC(=O)[C@H](C)NC(=O)[C@@H](NC(=O)[C@H](Cc1c[nH]cn1)NC(=O)[C@@H](NC(=O)[C@H](CC(=O)O)NC(=O)[C@@H](NC(=O)[C@@H](N)Cc1ccc(O)cc1)C(C)C)C(C)C)C(C)C)C(=O)O,p-NPA,0,Beta-sheet/Amiloid-like structures,/,10.1371/journal.pone.0143948
YVAVDVHV,Acetylated,Amidated,CC(C)[C@H](NC(=O)[C@H](Cc1c[nH]cn1)NC(=O)[C@@H](NC(=O)[C@H](CC(=O)O)NC(=O)[C@@H](NC(=O)[C@H](C)NC(=O)[C@@H](NC(=O)[C@@H](N)Cc1ccc(O)cc1)C(C)C)C(C)C)C(C)C)C(=O)O,p-NPA,0,Beta-sheet/Amiloid-like structures,/,10.1371/journal.pone.0143948
YVHVDVAV,Acetylated,Amidated,CC(C)[C@H](NC(=O)[C@H](C)NC(=O)[C@@H](NC(=O)[C@H](CC(=O)O)NC(=O)[C@@H](NC(=O)[C@H](Cc1c[nH]cn1)NC(=O)[C@@H](NC(=O)[C@@H](N)Cc1ccc(O)cc1)C(C)C)C(C)C)C(C)C)C(=O)O,p-NPA,0,Beta-sheet/Amiloid-like structures,/,10.1371/journal.pone.0143948
YVHVAVDV,Acetylated,Amidated,CC(C)[C@H](NC(=O)[C@H](CC(=O)O)NC(=O)[C@@H](NC(=O)[C@H](C)NC(=O)[C@@H](NC(=O)[C@H](Cc1c[nH]cn1)NC(=O)[C@@H](NC(=O)[C@@H](N)Cc1ccc(O)cc1)C(C)C)C(C)C)C(C)C)C(=O)O,p-NPA,0,Beta-sheet/Amiloid-like structures,/,10.1371/journal.pone.0143948
YVAVHVDV,Acetylated,Amidated,CC(C)[C@H](NC(=O)[C@H](CC(=O)O)NC(=O)[C@@H](NC(=O)[C@H](Cc1c[nH]cn1)NC(=O)[C@@H](NC(=O)[C@H](C)NC(=O)[C@@H](NC(=O)[C@@H](N)Cc1ccc(O)cc1)C(C)C)C(C)C)C(C)C)C(=O)O,p-NPA,0,Beta-sheet/Amiloid-like structures,/,10.1371/journal.pone.0143948
GGAACASAD,Free,Free,C[C@H](NC(=O)CNC(=O)CN)C(=O)N[C@@H](C)C(=O)N[C@@H](CS)C(=O)N[C@@H](C)C(=O)N[C@@H](CO)C(=O)N[C@@H](C)C(=O)N[C@@H](CC(=O)O)C(=O)O,p-NPA,2.5,Not analyzed,Catalytic triad residues,https://doi.org/10.1016/j.catcom.2014.10.024
GGAACAHAD,Free,Free,C[C@H](NC(=O)CNC(=O)CN)C(=O)N[C@@H](C)C(=O)N[C@@H](CS)C(=O)N[C@@H](C)C(=O)N[C@@H](Cc1c[nH]cn1)C(=O)N[C@@H](C)C(=O)N[C@@H](CC(=O)O)C(=O)O,p-NPA,3.75,Not analyzed,Catalytic triad residues,https://doi.org/10.1016/j.catcom.2014.10.024
RGAACASAD,Free,Free,C[C@H](NC(=O)CNC(=O)[C@@H](N)CCCNC(=N)N)C(=O)N[C@@H](C)C(=O)N[C@@H](CS)C(=O)N[C@@H](C)C(=O)N[C@@H](CO)C(=O)N[C@@H](C)C(=O)N[C@@H](CC(=O)O)C(=O)O,p-NPA,3.33,Not analyzed,Catalytic triad residues,https://doi.org/10.1016/j.catcom.2014.10.024
RGAACAHAD,Free,Free,C[C@H](NC(=O)CNC(=O)[C@@H](N)CCCNC(=N)N)C(=O)N[C@@H](C)C(=O)N[C@@H](CS)C(=O)N[C@@H](C)C(=O)N[C@@H](Cc1c[nH]cn1)C(=O)N[C@@H](C)C(=O)N[C@@H](CC(=O)O)C(=O)O,p-NPA,2.92,Not analyzed,Catalytic triad residues,https://doi.org/10.1016/j.catcom.2014.10.024
RGAFCFHAD,Free,Free,C[C@H](NC(=O)CNC(=O)[C@@H](N)CCCNC(=N)N)C(=O)N[C@@H](Cc1ccccc1)C(=O)N[C@@H](CS)C(=O)N[C@@H](Cc1ccccc1)C(=O)N[C@@H](Cc1c[nH]cn1)C(=O)N[C@@H](C)C(=O)N[C@@H](CC(=O)O)C(=O)O,p-NPA,4.17,Not analyzed,Catalytic triad residues,https://doi.org/10.1016/j.catcom.2014.10.024
KGAFCFHAD,Free,Free,C[C@H](NC(=O)CNC(=O)[C@@H](N)CCCCN)C(=O)N[C@@H](Cc1ccccc1)C(=O)N[C@@H](CS)C(=O)N[C@@H](Cc1ccccc1)C(=O)N[C@@H](Cc1c[nH]cn1)C(=O)N[C@@H](C)C(=O)N[C@@H](CC(=O)O)C(=O)O,p-NPA,4,Not analyzed,Catalytic triad residues,https://doi.org/10.1016/j.catcom.2014.10.024
RDFHFCAGD,Free,Free,C[C@H](NC(=O)[C@H](CS)NC(=O)[C@H](Cc1ccccc1)NC(=O)[C@H](Cc1c[nH]cn1)NC(=O)[C@H](Cc1ccccc1)NC(=O)[C@H](CC(=O)O)NC(=O)[C@@H](N)CCCNC(=N)N)C(=O)NCC(=O)N[C@@H](CC(=O)O)C(=O)O,p-NPA,2.83,Not analyzed,Catalytic triad residues,https://doi.org/10.1016/j.catcom.2014.10.024
RDFNFCAGD,Free,Free,C[C@H](NC(=O)[C@H](CS)NC(=O)[C@H](Cc1ccccc1)NC(=O)[C@H](CC(N)=O)NC(=O)[C@H](Cc1ccccc1)NC(=O)[C@H](CC(=O)O)NC(=O)[C@@H](N)CCCNC(=N)N)C(=O)NCC(=O)N[C@@H](CC(=O)O)C(=O)O,p-NPA,2.08,Not analyzed,Catalytic triad residues,https://doi.org/10.1016/j.catcom.2014.10.024
RGGHFCGPGPGHGHGD,Free,Free,N=C(N)NCCC[C@H](N)C(=O)NCC(=O)NCC(=O)N[C@@H](Cc1c[nH]cn1)C(=O)N[C@@H](Cc1ccccc1)C(=O)N[C@@H](CS)C(=O)NCC(=O)N1CCC[C@H]1C(=O)NCC(=O)N1CCC[C@H]1C(=O)NCC(=O)N[C@@H](Cc1c[nH]cn1)C(=O)NCC(=O)N[C@@H](Cc1c[nH]cn1)C(=O)NCC(=O)N[C@@H](CC(=O)O)C(=O)O,p-NPA,4.58,Not analyzed,Catalytic triad residues,https://doi.org/10.1016/j.catcom.2014.10.024
RPFMCTWSYCGKRFTRSDELQRHKRTHTGEK,Free,Amidated,CSCC[C@H](NC(=O)[C@H](Cc1ccccc1)NC(=O)[C@@H]1CCCN1C(=O)[C@@H](N)CCCNC(=N)N)C(=O)N[C@@H](CS)C(=O)N[C@H](C(=O)N[C@@H](Cc1c[nH]c2ccccc12)C(=O)N[C@@H](CO)C(=O)N[C@@H](Cc1ccc(O)cc1)C(=O)N[C@@H](CS)C(=O)NCC(=O)N[C@@H](CCCCN)C(=O)N[C@@H](CCCNC(=N)N)C(=O)N[C@@H](Cc1ccccc1)C(=O)N[C@H](C(=O)N[C@@H](CCCNC(=N)N)C(=O)N[C@@H](CO)C(=O)N[C@@H](CC(=O)O)C(=O)N[C@@H](CCC(=O)O)C(=O)N[C@@H](CC(C)C)C(=O)N[C@@H](CCC(N)=O)C(=O)N[C@@H](CCCNC(=N)N)C(=O)N[C@@H](Cc1c[nH]cn1)C(=O)N[C@@H](CCCCN)C(=O)N[C@@H](CCCNC(=N)N)C(=O)N[C@H](C(=O)N[C@@H](Cc1c[nH]cn1)C(=O)N[C@H](C(=O)NCC(=O)N[C@@H](CCC(=O)O)C(=O)N[C@@H](CCCCN)C(=O)O)[C@@H](C)O)[C@@H](C)O)[C@@H](C)O)[C@@H](C)O,p-NPA,0.1,Alfa-helix,Catalytic triad residues,10.1039/c9cy01364d
CFEFSFHFP,Acetylated,Amidated,N[C@@H](CS)C(=O)N[C@@H](Cc1ccccc1)C(=O)N[C@@H](CCC(=O)O)C(=O)N[C@@H](Cc1ccccc1)C(=O)N[C@@H](CO)C(=O)N[C@@H](Cc1ccccc1)C(=O)N[C@@H](Cc1c[nH]cn1)C(=O)N[C@@H](Cc1ccccc1)C(=O)N1CCC[C@H]1C(=O)O,p-NPA,0.19,Beta-sheet/Fibrils,Catalytic triad residues,https://doi.org/10.1016/j.colsurfb.2021.111751
CFHFEFSFP,Acetylated,Amidated,N[C@@H](CS)C(=O)N[C@@H](Cc1ccccc1)C(=O)N[C@@H](Cc1c[nH]cn1)C(=O)N[C@@H](Cc1ccccc1)C(=O)N[C@@H](CCC(=O)O)C(=O)N[C@@H](Cc1ccccc1)C(=O)N[C@@H](CO)C(=O)N[C@@H](Cc1ccccc1)C(=O)N1CCC[C@H]1C(=O)O,p-NPA,0.0759,Beta-sheet/Fibrils,Catalytic triad residues,https://doi.org/10.1016/j.colsurfb.2021.111751
CFEFHFSFP,Acetylated,Amidated,N[C@@H](CS)C(=O)N[C@@H](Cc1ccccc1)C(=O)N[C@@H](CCC(=O)O)C(=O)N[C@@H](Cc1ccccc1)C(=O)N[C@@H](Cc1c[nH]cn1)C(=O)N[C@@H](Cc1ccccc1)C(=O)N[C@@H](CO)C(=O)N[C@@H](Cc1ccccc1)C(=O)N1CCC[C@H]1C(=O)O,p-NPA,0.0408,Beta-sheet/Fibrils,Catalytic triad residues,https://doi.org/10.1016/j.colsurfb.2021.111751
HYHYHYH,Acetylated,Amidated,N[C@@H](Cc1c[nH]cn1)C(=O)N[C@@H](Cc1ccc(O)cc1)C(=O)N[C@@H](Cc1c[nH]cn1)C(=O)N[C@@H](Cc1ccc(O)cc1)C(=O)N[C@@H](Cc1c[nH]cn1)C(=O)N[C@@H](Cc1ccc(O)cc1)C(=O)N[C@@H](Cc1c[nH]cn1)C(=O)O,p-NPA,1.26,Beta-sheet/Amiloid-like structures,Histidine,https://doi.org/10.1021/acscatal.0c03093
YHYHYHYH,Acetylated,Amidated,N[C@@H](Cc1ccc(O)cc1)C(=O)N[C@@H](Cc1c[nH]cn1)C(=O)N[C@@H](Cc1ccc(O)cc1)C(=O)N[C@@H](Cc1c[nH]cn1)C(=O)N[C@@H](Cc1ccc(O)cc1)C(=O)N[C@@H](Cc1c[nH]cn1)C(=O)N[C@@H](Cc1ccc(O)cc1)C(=O)N[C@@H](Cc1c[nH]cn1)C(=O)O,p-NPA,1.36,Beta-sheet/Amiloid-like structures,Histidine,https://doi.org/10.1021/acscatal.0c03093
HYHYHYHYH,Acetylated,Amidated,N[C@@H](Cc1c[nH]cn1)C(=O)N[C@@H](Cc1ccc(O)cc1)C(=O)N[C@@H](Cc1c[nH]cn1)C(=O)N[C@@H](Cc1ccc(O)cc1)C(=O)N[C@@H](Cc1c[nH]cn1)C(=O)N[C@@H](Cc1ccc(O)cc1)C(=O)N[C@@H](Cc1c[nH]cn1)C(=O)N[C@@H](Cc1ccc(O)cc1)C(=O)N[C@@H](Cc1c[nH]cn1)C(=O)O,p-NPA,1.64,Beta-sheet/Amiloid-like structures,Histidine,https://doi.org/10.1021/acscatal.0c03093
DLRSCTACAVNA,Free,Free,CC(C)C[C@H](NC(=O)[C@@H](N)CC(=O)O)C(=O)N[C@@H](CCCNC(=N)N)C(=O)N[C@@H](CO)C(=O)N[C@@H](CS)C(=O)N[C@H](C(=O)N[C@@H](C)C(=O)N[C@@H](CS)C(=O)N[C@@H](C)C(=O)N[C@H](C(=O)N[C@@H](CC(N)=O)C(=O)N[C@@H](C)C(=O)O)C(C)C)[C@@H](C)O,p-NPA,n/a,Not analyzed,Catalytic triad residues,https://doi.org/10.1021/ja509393p
KVYFSIPWRVPM,Free,Amidated,CC[C@H](C)[C@H](NC(=O)[C@H](CO)NC(=O)[C@H](Cc1ccccc1)NC(=O)[C@H](Cc1ccc(O)cc1)NC(=O)[C@@H](NC(=O)[C@@H](N)CCCCN)C(C)C)C(=O)N1CCC[C@H]1C(=O)N[C@@H](Cc1c[nH]c2ccccc12)C(=O)N[C@@H](CCCNC(=N)N)C(=O)N[C@H](C(=O)N1CCC[C@H]1C(=O)N[C@@H](CCSC)C(=O)O)C(C)C,p-NPP,4,Beta-hairpin-like structure/PP-II,N/A,10.1039/D1SC04420F
GSPLAQQIKNIHSFIHQAKAAGRMDEVRTLQENLHQLMHEYFQQSD,Free,Free,CC[C@H](C)[C@H](NC(=O)[C@H](CCC(N)=O)NC(=O)[C@H](CCC(N)=O)NC(=O)[C@H](C)NC(=O)[C@H](CC(C)C)NC(=O)[C@@H]1CCCN1C(=O)[C@H](CO)NC(=O)CN)C(=O)N[C@@H](CCCCN)C(=O)N[C@@H](CC(N)=O)C(=O)N[C@H](C(=O)N[C@@H](Cc1c[nH]cn1)C(=O)N[C@@H](CO)C(=O)N[C@@H](Cc1ccccc1)C(=O)N[C@H](C(=O)N[C@@H](Cc1c[nH]cn1)C(=O)N[C@@H](CCC(N)=O)C(=O)N[C@@H](C)C(=O)N[C@@H](CCCCN)C(=O)N[C@@H](C)C(=O)N[C@@H](C)C(=O)NCC(=O)N[C@@H](CCCNC(=N)N)C(=O)N[C@@H](CCSC)C(=O)N[C@@H](CC(=O)O)C(=O)N[C@@H](CCC(=O)O)C(=O)N[C@H](C(=O)N[C@@H](CCCNC(=N)N)C(=O)N[C@H](C(=O)N[C@@H](CC(C)C)C(=O)N[C@@H](CCC(N)=O)C(=O)N[C@@H](CCC(=O)O)C(=O)N[C@@H](CC(N)=O)C(=O)N[C@@H](CC(C)C)C(=O)N[C@@H](Cc1c[nH]cn1)C(=O)N[C@@H](CCC(N)=O)C(=O)N[C@@H](CC(C)C)C(=O)N[C@@H](CCSC)C(=O)N[C@@H](Cc1c[nH]cn1)C(=O)N[C@@H](CCC(=O)O)C(=O)N[C@@H](Cc1ccc(O)cc1)C(=O)N[C@@H](Cc1ccccc1)C(=O)N[C@@H](CCC(N)=O)C(=O)N[C@@H](CCC(N)=O)C(=O)N[C@@H](CO)C(=O)N[C@@H](CC(=O)O)C(=O)O)[C@@H](C)O)C(C)C)[C@@H](C)CC)[C@@H](C)CC,p-NPP,15,Alfa-helix,Zn2+ dependent,https://doi.org/10.1021/bi201881p
RLVFFAH,Acetylated,Amidated,CC(C)C[C@H](NC(=O)[C@@H](N)CCCNC(=N)N)C(=O)N[C@H](C(=O)N[C@@H](Cc1ccccc1)C(=O)N[C@@H](Cc1ccccc1)C(=O)N[C@@H](C)C(=O)N[C@@H](Cc1c[nH]cn1)C(=O)O)C(C)C,p-NPP,1.58,Beta-sheet/Nanotubes,Histidine,https://doi.org/10.1039/D2SC03205H
RLVFFAH,Acetylated,Amidated,CC(C)C[C@H](NC(=O)[C@@H](N)CCCNC(=N)N)C(=O)N[C@H](C(=O)N[C@@H](Cc1ccccc1)C(=O)N[C@@H](Cc1ccccc1)C(=O)N[C@@H](C)C(=O)N[C@@H](Cc1c[nH]cn1)C(=O)O)C(C)C,HPNPP,63,Beta-sheet/Nanotubes,Histidine,https://doi.org/10.1039/D2SC03205H
RLVFFAH,Acetylated,Amidated,CC(C)C[C@H](NC(=O)[C@@H](N)CCCNC(=N)N)C(=O)N[C@H](C(=O)N[C@@H](Cc1ccccc1)C(=O)N[C@@H](Cc1ccccc1)C(=O)N[C@@H](C)C(=O)N[C@@H](Cc1c[nH]cn1)C(=O)O)C(C)C,BNPP,0.57,Beta-sheet/Nanotubes,Histidine,https://doi.org/10.1039/D2SC03205H
RLVFFAL,Acetylated,Free,CC(C)C[C@H](NC(=O)[C@H](C)NC(=O)[C@H](Cc1ccccc1)NC(=O)[C@H](Cc1ccccc1)NC(=O)[C@@H](NC(=O)[C@H](CC(C)C)NC(=O)[C@@H](N)CCCNC(=N)N)C(C)C)C(=O)O,p-NPP,0,Beta-sheet,/,https://doi.org/10.1039/D2SC03205H
HLVFFAL,Acetylated,Free,CC(C)C[C@H](NC(=O)[C@H](C)NC(=O)[C@H](Cc1ccccc1)NC(=O)[C@H](Cc1ccccc1)NC(=O)[C@@H](NC(=O)[C@H](CC(C)C)NC(=O)[C@@H](N)Cc1c[nH]cn1)C(C)C)C(=O)O,p-NPP,0,Beta-sheet,/,https://doi.org/10.1039/D2SC03205H
